file,time,condition,cellline,modorder,modification,fluor,value,yfp_type,linker,amino_acid,codon,con_codon
arg_summary,120,−Arg,293T,2,GCN2 KO,relative_yfp,91.8394357082974,CGG,AGA,Arg,YFP-CGG-4xAGA,Arg YFP-CGG-4xAGA
arg_summary,120,−Arg,293T,2,GCN2 KO,relative_yfp,16.148143092147567,CGG,AGG,Arg,YFP-CGG-4xAGG,Arg YFP-CGG-4xAGG
arg_summary,120,−Arg,293T,2,GCN2 KO,relative_yfp,16.84822214914547,CGG,CGA,Arg,YFP-CGG-4xCGA,Arg YFP-CGG-4xCGA
arg_summary,120,−Arg,293T,2,GCN2 KO,relative_yfp,19.01057749052115,CGG,CGC,Arg,YFP-CGG-4xCGC,Arg YFP-CGG-4xCGC
arg_summary,120,−Arg,293T,2,GCN2 KO,relative_yfp,15.369522299061758,CGG,CGG,Arg,YFP-CGG-4xCGG,Arg YFP-CGG-4xCGG
arg_summary,120,−Arg,293T,2,GCN2 KO,relative_yfp,23.40855409240885,CGG,CGT,Arg,YFP-CGG-4xCGT,Arg YFP-CGG-4xCGT
arg_summary,120,−Arg,293T,1,WT,relative_yfp,83.73860962257226,CGG,AGA,Arg,YFP-CGG-4xAGA,Arg YFP-CGG-4xAGA
arg_summary,120,−Arg,293T,1,WT,relative_yfp,19.855052817688037,CGG,AGG,Arg,YFP-CGG-4xAGG,Arg YFP-CGG-4xAGG
arg_summary,120,−Arg,293T,1,WT,relative_yfp,19.787542598538774,CGG,CGA,Arg,YFP-CGG-4xCGA,Arg YFP-CGG-4xCGA
arg_summary,120,−Arg,293T,1,WT,relative_yfp,19.103720238203465,CGG,CGC,Arg,YFP-CGG-4xCGC,Arg YFP-CGG-4xCGC
arg_summary,120,−Arg,293T,1,WT,relative_yfp,18.05278621529046,CGG,CGG,Arg,YFP-CGG-4xCGG,Arg YFP-CGG-4xCGG
arg_summary,120,−Arg,293T,1,WT,relative_yfp,19.880067739504284,CGG,CGT,Arg,YFP-CGG-4xCGT,Arg YFP-CGG-4xCGT
arg_summary,24,−Arg,293T,2,GCN2 KO,relative_yfp,3.1308700526824618,CGG,AGA,Arg,YFP-CGG-4xAGA,Arg YFP-CGG-4xAGA
arg_summary,24,−Arg,293T,2,GCN2 KO,relative_yfp,1.9690971108138744,CGG,AGG,Arg,YFP-CGG-4xAGG,Arg YFP-CGG-4xAGG
arg_summary,24,−Arg,293T,2,GCN2 KO,relative_yfp,1.744903540119466,CGG,CGA,Arg,YFP-CGG-4xCGA,Arg YFP-CGG-4xCGA
arg_summary,24,−Arg,293T,2,GCN2 KO,relative_yfp,2.9519938054154373,CGG,CGC,Arg,YFP-CGG-4xCGC,Arg YFP-CGG-4xCGC
arg_summary,24,−Arg,293T,2,GCN2 KO,relative_yfp,1.740621832314996,CGG,CGG,Arg,YFP-CGG-4xCGG,Arg YFP-CGG-4xCGG
arg_summary,24,−Arg,293T,2,GCN2 KO,relative_yfp,4.216793118609962,CGG,CGT,Arg,YFP-CGG-4xCGT,Arg YFP-CGG-4xCGT
arg_summary,24,−Arg,293T,1,WT,relative_yfp,0.8719035049077014,CGG,AGA,Arg,YFP-CGG-4xAGA,Arg YFP-CGG-4xAGA
arg_summary,24,−Arg,293T,1,WT,relative_yfp,1.0001714720352923,CGG,AGG,Arg,YFP-CGG-4xAGG,Arg YFP-CGG-4xAGG
arg_summary,24,−Arg,293T,1,WT,relative_yfp,0.965661265483015,CGG,CGA,Arg,YFP-CGG-4xCGA,Arg YFP-CGG-4xCGA
arg_summary,24,−Arg,293T,1,WT,relative_yfp,0.8777622907197794,CGG,CGC,Arg,YFP-CGG-4xCGC,Arg YFP-CGG-4xCGC
arg_summary,24,−Arg,293T,1,WT,relative_yfp,0.87545878146024525,CGG,CGG,Arg,YFP-CGG-4xCGG,Arg YFP-CGG-4xCGG
arg_summary,24,−Arg,293T,1,WT,relative_yfp,1.005149645809482,CGG,CGT,Arg,YFP-CGG-4xCGT,Arg YFP-CGG-4xCGT
arg_summary,24,−Arg,HCT116,2,GCN2 KO,relative_yfp,45.921871694741455,CGG,AGA,Arg,YFP-CGG-4xAGA,Arg YFP-CGG-4xAGA
arg_summary,24,−Arg,HCT116,2,GCN2 KO,relative_yfp,16.640706444778488,CGG,AGG,Arg,YFP-CGG-4xAGG,Arg YFP-CGG-4xAGG
arg_summary,24,−Arg,HCT116,2,GCN2 KO,relative_yfp,15.725036233904357,CGG,CGA,Arg,YFP-CGG-4xCGA,Arg YFP-CGG-4xCGA
arg_summary,24,−Arg,HCT116,2,GCN2 KO,relative_yfp,29.91956385014112,CGG,CGC,Arg,YFP-CGG-4xCGC,Arg YFP-CGG-4xCGC
arg_summary,24,−Arg,HCT116,2,GCN2 KO,relative_yfp,16.136927817070834,CGG,CGG,Arg,YFP-CGG-4xCGG,Arg YFP-CGG-4xCGG
arg_summary,24,−Arg,HCT116,2,GCN2 KO,relative_yfp,60.797145859283816,CGG,CGT,Arg,YFP-CGG-4xCGT,Arg YFP-CGG-4xCGT
arg_summary,24,−Arg,HCT116,1,WT,relative_yfp,25.10371491666692,CGG,AGA,Arg,YFP-CGG-4xAGA,Arg YFP-CGG-4xAGA
arg_summary,24,−Arg,HCT116,1,WT,relative_yfp,6.798812014013784,CGG,AGG,Arg,YFP-CGG-4xAGG,Arg YFP-CGG-4xAGG
arg_summary,24,−Arg,HCT116,1,WT,relative_yfp,7.80149621298336,CGG,CGA,Arg,YFP-CGG-4xCGA,Arg YFP-CGG-4xCGA
arg_summary,24,−Arg,HCT116,1,WT,relative_yfp,14.97320582162466,CGG,CGC,Arg,YFP-CGG-4xCGC,Arg YFP-CGG-4xCGC
arg_summary,24,−Arg,HCT116,1,WT,relative_yfp,5.102171977758633,CGG,CGG,Arg,YFP-CGG-4xCGG,Arg YFP-CGG-4xCGG
arg_summary,24,−Arg,HCT116,1,WT,relative_yfp,19.424153906347865,CGG,CGT,Arg,YFP-CGG-4xCGT,Arg YFP-CGG-4xCGT
arg_summary,72,−Arg,293T,2,GCN2 KO,relative_yfp,18.43648291539261,CGG,AGA,Arg,YFP-CGG-4xAGA,Arg YFP-CGG-4xAGA
arg_summary,72,−Arg,293T,2,GCN2 KO,relative_yfp,4.61694241785408,CGG,AGG,Arg,YFP-CGG-4xAGG,Arg YFP-CGG-4xAGG
arg_summary,72,−Arg,293T,2,GCN2 KO,relative_yfp,4.312110916397481,CGG,CGA,Arg,YFP-CGG-4xCGA,Arg YFP-CGG-4xCGA
arg_summary,72,−Arg,293T,2,GCN2 KO,relative_yfp,6.370577378022666,CGG,CGC,Arg,YFP-CGG-4xCGC,Arg YFP-CGG-4xCGC
arg_summary,72,−Arg,293T,2,GCN2 KO,relative_yfp,4.217897328603198,CGG,CGG,Arg,YFP-CGG-4xCGG,Arg YFP-CGG-4xCGG
arg_summary,72,−Arg,293T,2,GCN2 KO,relative_yfp,8.269872931707557,CGG,CGT,Arg,YFP-CGG-4xCGT,Arg YFP-CGG-4xCGT
arg_summary,72,−Arg,293T,1,WT,relative_yfp,9.285152471642306,CGG,AGA,Arg,YFP-CGG-4xAGA,Arg YFP-CGG-4xAGA
arg_summary,72,−Arg,293T,1,WT,relative_yfp,2.3775857174630843,CGG,AGG,Arg,YFP-CGG-4xAGG,Arg YFP-CGG-4xAGG
arg_summary,72,−Arg,293T,1,WT,relative_yfp,2.054038087899696,CGG,CGA,Arg,YFP-CGG-4xCGA,Arg YFP-CGG-4xCGA
arg_summary,72,−Arg,293T,1,WT,relative_yfp,2.6976033415661074,CGG,CGC,Arg,YFP-CGG-4xCGC,Arg YFP-CGG-4xCGC
arg_summary,72,−Arg,293T,1,WT,relative_yfp,1.9902820034448825,CGG,CGG,Arg,YFP-CGG-4xCGG,Arg YFP-CGG-4xCGG
arg_summary,72,−Arg,293T,1,WT,relative_yfp,3.055181766440235,CGG,CGT,Arg,YFP-CGG-4xCGT,Arg YFP-CGG-4xCGT
arg_summary,72,−Arg,HCT116,2,GCN2 KO,relative_yfp,247.5821476976978,CGG,AGA,Arg,YFP-CGG-4xAGA,Arg YFP-CGG-4xAGA
arg_summary,72,−Arg,HCT116,2,GCN2 KO,relative_yfp,38.078248177667085,CGG,AGG,Arg,YFP-CGG-4xAGG,Arg YFP-CGG-4xAGG
arg_summary,72,−Arg,HCT116,2,GCN2 KO,relative_yfp,38.95115474459386,CGG,CGA,Arg,YFP-CGG-4xCGA,Arg YFP-CGG-4xCGA
arg_summary,72,−Arg,HCT116,2,GCN2 KO,relative_yfp,80.84187532297584,CGG,CGC,Arg,YFP-CGG-4xCGC,Arg YFP-CGG-4xCGC
arg_summary,72,−Arg,HCT116,2,GCN2 KO,relative_yfp,37.54700028023298,CGG,CGG,Arg,YFP-CGG-4xCGG,Arg YFP-CGG-4xCGG
arg_summary,72,−Arg,HCT116,2,GCN2 KO,relative_yfp,221.29984516856905,CGG,CGT,Arg,YFP-CGG-4xCGT,Arg YFP-CGG-4xCGT
arg_summary,72,−Arg,HCT116,1,WT,relative_yfp,27.172188648014576,CGG,AGA,Arg,YFP-CGG-4xAGA,Arg YFP-CGG-4xAGA
arg_summary,72,−Arg,HCT116,1,WT,relative_yfp,4.908432927675229,CGG,AGG,Arg,YFP-CGG-4xAGG,Arg YFP-CGG-4xAGG
arg_summary,72,−Arg,HCT116,1,WT,relative_yfp,4.51108186751074,CGG,CGA,Arg,YFP-CGG-4xCGA,Arg YFP-CGG-4xCGA
arg_summary,72,−Arg,HCT116,1,WT,relative_yfp,9.244833029187438,CGG,CGC,Arg,YFP-CGG-4xCGC,Arg YFP-CGG-4xCGC
arg_summary,72,−Arg,HCT116,1,WT,relative_yfp,3.89802344354229,CGG,CGG,Arg,YFP-CGG-4xCGG,Arg YFP-CGG-4xCGG
arg_summary,72,−Arg,HCT116,1,WT,relative_yfp,10.18465505198146,CGG,CGT,Arg,YFP-CGG-4xCGT,Arg YFP-CGG-4xCGT
arg_summary,96,−Arg,HCT116,2,GCN2 KO,relative_yfp,133.10917127806482,CGG,AGA,Arg,YFP-CGG-4xAGA,Arg YFP-CGG-4xAGA
arg_summary,96,−Arg,HCT116,2,GCN2 KO,relative_yfp,17.758918098485495,CGG,AGG,Arg,YFP-CGG-4xAGG,Arg YFP-CGG-4xAGG
arg_summary,96,−Arg,HCT116,2,GCN2 KO,relative_yfp,17.91797074796417,CGG,CGA,Arg,YFP-CGG-4xCGA,Arg YFP-CGG-4xCGA
arg_summary,96,−Arg,HCT116,2,GCN2 KO,relative_yfp,43.01969308670076,CGG,CGC,Arg,YFP-CGG-4xCGC,Arg YFP-CGG-4xCGC
arg_summary,96,−Arg,HCT116,2,GCN2 KO,relative_yfp,19.8329875154662,CGG,CGG,Arg,YFP-CGG-4xCGG,Arg YFP-CGG-4xCGG
arg_summary,96,−Arg,HCT116,2,GCN2 KO,relative_yfp,182.39589923428125,CGG,CGT,Arg,YFP-CGG-4xCGT,Arg YFP-CGG-4xCGT
arg_summary,96,−Arg,HCT116,1,WT,relative_yfp,32.065748689848604,CGG,AGA,Arg,YFP-CGG-4xAGA,Arg YFP-CGG-4xAGA
arg_summary,96,−Arg,HCT116,1,WT,relative_yfp,6.771947829704457,CGG,AGG,Arg,YFP-CGG-4xAGG,Arg YFP-CGG-4xAGG
arg_summary,96,−Arg,HCT116,1,WT,relative_yfp,6.401794080951108,CGG,CGA,Arg,YFP-CGG-4xCGA,Arg YFP-CGG-4xCGA
arg_summary,96,−Arg,HCT116,1,WT,relative_yfp,8.979264971359664,CGG,CGC,Arg,YFP-CGG-4xCGC,Arg YFP-CGG-4xCGC
arg_summary,96,−Arg,HCT116,1,WT,relative_yfp,5.485133862032684,CGG,CGG,Arg,YFP-CGG-4xCGG,Arg YFP-CGG-4xCGG
arg_summary,96,−Arg,HCT116,1,WT,relative_yfp,9.138691078913386,CGG,CGT,Arg,YFP-CGG-4xCGT,Arg YFP-CGG-4xCGT
asn_summary,120,−Gln,293T,1,WT,relative_yfp,0.9332176016357744,AAC,AAC,Asn,YFP-AAC-4xAAC,Asn YFP-AAC-4xAAC
asn_summary,120,−Gln,293T,1,WT,relative_yfp,0.9350638564935574,AAC,AAT,Asn,YFP-AAC-4xAAT,Asn YFP-AAC-4xAAT
asn_summary,120,−Gln,293T,1,WT,relative_yfp,1.0620727893147766,AAT,AAC,Asn,YFP-AAT-4xAAC,Asn YFP-AAT-4xAAC
asn_summary,120,−Gln,293T,1,WT,relative_yfp,0.6620927302594902,AAT,AAT,Asn,YFP-AAT-4xAAT,Asn YFP-AAT-4xAAT
asn_summary,120,−Gln,293T,2,GCN2 KO,relative_yfp,4.969112750905008,AAC,AAC,Asn,YFP-AAC-4xAAC,Asn YFP-AAC-4xAAC
asn_summary,120,−Gln,293T,2,GCN2 KO,relative_yfp,3.796327535187352,AAC,AAT,Asn,YFP-AAC-4xAAT,Asn YFP-AAC-4xAAT
asn_summary,120,−Gln,293T,2,GCN2 KO,relative_yfp,1.979091683807132,AAT,AAC,Asn,YFP-AAT-4xAAC,Asn YFP-AAT-4xAAC
asn_summary,120,−Gln,293T,2,GCN2 KO,relative_yfp,1.4953225319880308,AAT,AAT,Asn,YFP-AAT-4xAAT,Asn YFP-AAT-4xAAT
asn_summary,24,−Gln,293T,1,WT,relative_yfp,0.9320693570244212,AAC,AAC,Asn,YFP-AAC-4xAAC,Asn YFP-AAC-4xAAC
asn_summary,24,−Gln,293T,1,WT,relative_yfp,1.2129043405381028,AAC,AAT,Asn,YFP-AAC-4xAAT,Asn YFP-AAC-4xAAT
asn_summary,24,−Gln,293T,1,WT,relative_yfp,0.6593893278730505,AAT,AAC,Asn,YFP-AAT-4xAAC,Asn YFP-AAT-4xAAC
asn_summary,24,−Gln,293T,1,WT,relative_yfp,0.7891539052179517,AAT,AAT,Asn,YFP-AAT-4xAAT,Asn YFP-AAT-4xAAT
asn_summary,24,−Gln,293T,2,GCN2 KO,relative_yfp,1.5277015499905024,AAC,AAC,Asn,YFP-AAC-4xAAC,Asn YFP-AAC-4xAAC
asn_summary,24,−Gln,293T,2,GCN2 KO,relative_yfp,1.7219082270511947,AAC,AAT,Asn,YFP-AAC-4xAAT,Asn YFP-AAC-4xAAT
asn_summary,24,−Gln,293T,2,GCN2 KO,relative_yfp,1.3880230156699769,AAT,AAC,Asn,YFP-AAT-4xAAC,Asn YFP-AAT-4xAAC
asn_summary,24,−Gln,293T,2,GCN2 KO,relative_yfp,2.1837928524271693,AAT,AAT,Asn,YFP-AAT-4xAAT,Asn YFP-AAT-4xAAT
asn_summary,72,−Gln,293T,1,WT,relative_yfp,0.5612486202532015,AAC,AAC,Asn,YFP-AAC-4xAAC,Asn YFP-AAC-4xAAC
asn_summary,72,−Gln,293T,1,WT,relative_yfp,0.5171039154305755,AAC,AAT,Asn,YFP-AAC-4xAAT,Asn YFP-AAC-4xAAT
asn_summary,72,−Gln,293T,1,WT,relative_yfp,0.6174466721445265,AAT,AAC,Asn,YFP-AAT-4xAAC,Asn YFP-AAT-4xAAC
asn_summary,72,−Gln,293T,1,WT,relative_yfp,0.40304803849950954,AAT,AAT,Asn,YFP-AAT-4xAAT,Asn YFP-AAT-4xAAT
asn_summary,72,−Gln,293T,2,GCN2 KO,relative_yfp,1.9745099509179984,AAC,AAC,Asn,YFP-AAC-4xAAC,Asn YFP-AAC-4xAAC
asn_summary,72,−Gln,293T,2,GCN2 KO,relative_yfp,1.898491763962328,AAC,AAT,Asn,YFP-AAC-4xAAT,Asn YFP-AAC-4xAAT
asn_summary,72,−Gln,293T,2,GCN2 KO,relative_yfp,1.0508637896143775,AAT,AAC,Asn,YFP-AAT-4xAAC,Asn YFP-AAT-4xAAC
asn_summary,72,−Gln,293T,2,GCN2 KO,relative_yfp,1.233759861825041,AAT,AAT,Asn,YFP-AAT-4xAAT,Asn YFP-AAT-4xAAT
asn_summary,24,−Gln,HCT116,2,GCN2 KO,relative_yfp,20.688994229739915,AAC,AAT,Asn,YFP-AAC-4xAAT,Asn YFP-AAC-4xAAT
asn_summary,24,−Gln,HCT116,2,GCN2 KO,relative_yfp,5.715953785234594,AAT,AAC,Asn,YFP-AAT-4xAAC,Asn YFP-AAT-4xAAC
asn_summary,24,−Gln,HCT116,1,WT,relative_yfp,6.78453577102589,AAC,AAT,Asn,YFP-AAC-4xAAT,Asn YFP-AAC-4xAAT
asn_summary,24,−Gln,HCT116,1,WT,relative_yfp,4.60278819356325,AAT,AAC,Asn,YFP-AAT-4xAAC,Asn YFP-AAT-4xAAC
asn_summary,48,−Gln,HCT116,2,GCN2 KO,relative_yfp,42.74745759118131,AAC,AAT,Asn,YFP-AAC-4xAAT,Asn YFP-AAC-4xAAT
asn_summary,48,−Gln,HCT116,2,GCN2 KO,relative_yfp,7.905762674169759,AAT,AAC,Asn,YFP-AAT-4xAAC,Asn YFP-AAT-4xAAC
asn_summary,48,−Gln,HCT116,1,WT,relative_yfp,5.677520916897964,AAC,AAT,Asn,YFP-AAC-4xAAT,Asn YFP-AAC-4xAAT
asn_summary,48,−Gln,HCT116,1,WT,relative_yfp,4.20704510652203,AAT,AAC,Asn,YFP-AAT-4xAAC,Asn YFP-AAT-4xAAC
asn_summary,72,−Gln,HCT116,2,GCN2 KO,relative_yfp,71.05396097505565,AAC,AAT,Asn,YFP-AAC-4xAAT,Asn YFP-AAC-4xAAT
asn_summary,72,−Gln,HCT116,2,GCN2 KO,relative_yfp,13.429471947604409,AAT,AAC,Asn,YFP-AAT-4xAAC,Asn YFP-AAT-4xAAC
asn_summary,72,−Gln,HCT116,1,WT,relative_yfp,7.448298139850298,AAC,AAT,Asn,YFP-AAC-4xAAT,Asn YFP-AAC-4xAAT
asn_summary,72,−Gln,HCT116,1,WT,relative_yfp,5.4930219211150355,AAT,AAC,Asn,YFP-AAT-4xAAC,Asn YFP-AAT-4xAAC
asn_summary,96,−Gln,HCT116,2,GCN2 KO,relative_yfp,88.41302645003383,AAC,AAT,Asn,YFP-AAC-4xAAT,Asn YFP-AAC-4xAAT
asn_summary,96,−Gln,HCT116,2,GCN2 KO,relative_yfp,19.915480409637876,AAT,AAC,Asn,YFP-AAT-4xAAC,Asn YFP-AAT-4xAAC
asn_summary,96,−Gln,HCT116,1,WT,relative_yfp,10.228079175548276,AAC,AAT,Asn,YFP-AAC-4xAAT,Asn YFP-AAC-4xAAT
asn_summary,96,−Gln,HCT116,1,WT,relative_yfp,7.873616067289331,AAT,AAC,Asn,YFP-AAT-4xAAC,Asn YFP-AAT-4xAAC
asp_summary,120,−Gln,293T,2,GCN2 KO,relative_yfp,5.920059985021665,GAC,GAC,Asp,YFP-GAC-4xGAC,Asp YFP-GAC-4xGAC
asp_summary,120,−Gln,293T,2,GCN2 KO,relative_yfp,5.240888719028747,GAC,GAT,Asp,YFP-GAC-4xGAT,Asp YFP-GAC-4xGAT
asp_summary,120,−Gln,293T,2,GCN2 KO,relative_yfp,7.368127684108165,GAT,GAC,Asp,YFP-GAT-4xGAC,Asp YFP-GAT-4xGAC
asp_summary,120,−Gln,293T,2,GCN2 KO,relative_yfp,7.198509493216351,GAT,GAT,Asp,YFP-GAT-4xGAT,Asp YFP-GAT-4xGAT
asp_summary,120,−Gln,293T,1,WT,relative_yfp,0.5409612481085647,GAC,GAC,Asp,YFP-GAC-4xGAC,Asp YFP-GAC-4xGAC
asp_summary,120,−Gln,293T,1,WT,relative_yfp,0.41088615576717497,GAC,GAT,Asp,YFP-GAC-4xGAT,Asp YFP-GAC-4xGAT
asp_summary,120,−Gln,293T,1,WT,relative_yfp,0.5359930488603714,GAT,GAC,Asp,YFP-GAT-4xGAC,Asp YFP-GAT-4xGAC
asp_summary,120,−Gln,293T,1,WT,relative_yfp,0.5352613289410629,GAT,GAT,Asp,YFP-GAT-4xGAT,Asp YFP-GAT-4xGAT
asp_summary,24,−Gln,293T,2,GCN2 KO,relative_yfp,1.5559778279152985,GAC,GAC,Asp,YFP-GAC-4xGAC,Asp YFP-GAC-4xGAC
asp_summary,24,−Gln,293T,2,GCN2 KO,relative_yfp,1.320115591149431,GAC,GAT,Asp,YFP-GAC-4xGAT,Asp YFP-GAC-4xGAT
asp_summary,24,−Gln,293T,2,GCN2 KO,relative_yfp,1.5881475341599105,GAT,GAC,Asp,YFP-GAT-4xGAC,Asp YFP-GAT-4xGAC
asp_summary,24,−Gln,293T,2,GCN2 KO,relative_yfp,1.6914796191687844,GAT,GAT,Asp,YFP-GAT-4xGAT,Asp YFP-GAT-4xGAT
asp_summary,24,−Gln,293T,1,WT,relative_yfp,0.552695551491211,GAC,GAC,Asp,YFP-GAC-4xGAC,Asp YFP-GAC-4xGAC
asp_summary,24,−Gln,293T,1,WT,relative_yfp,0.60201009293896,GAC,GAT,Asp,YFP-GAC-4xGAT,Asp YFP-GAC-4xGAT
asp_summary,24,−Gln,293T,1,WT,relative_yfp,0.6670236231541561,GAT,GAC,Asp,YFP-GAT-4xGAC,Asp YFP-GAT-4xGAC
asp_summary,24,−Gln,293T,1,WT,relative_yfp,0.7208709947534028,GAT,GAT,Asp,YFP-GAT-4xGAT,Asp YFP-GAT-4xGAT
asp_summary,72,−Gln,293T,2,GCN2 KO,relative_yfp,2.597259490268189,GAC,GAC,Asp,YFP-GAC-4xGAC,Asp YFP-GAC-4xGAC
asp_summary,72,−Gln,293T,2,GCN2 KO,relative_yfp,2.320429549618229,GAC,GAT,Asp,YFP-GAC-4xGAT,Asp YFP-GAC-4xGAT
asp_summary,72,−Gln,293T,2,GCN2 KO,relative_yfp,3.1406989711702535,GAT,GAC,Asp,YFP-GAT-4xGAC,Asp YFP-GAT-4xGAC
asp_summary,72,−Gln,293T,2,GCN2 KO,relative_yfp,2.970372464933386,GAT,GAT,Asp,YFP-GAT-4xGAT,Asp YFP-GAT-4xGAT
asp_summary,72,−Gln,293T,1,WT,relative_yfp,0.5252748590658124,GAC,GAC,Asp,YFP-GAC-4xGAC,Asp YFP-GAC-4xGAC
asp_summary,72,−Gln,293T,1,WT,relative_yfp,0.5075137185350665,GAC,GAT,Asp,YFP-GAC-4xGAT,Asp YFP-GAC-4xGAT
asp_summary,72,−Gln,293T,1,WT,relative_yfp,0.5568928048815835,GAT,GAC,Asp,YFP-GAT-4xGAC,Asp YFP-GAT-4xGAC
asp_summary,72,−Gln,293T,1,WT,relative_yfp,0.5633799404082169,GAT,GAT,Asp,YFP-GAT-4xGAT,Asp YFP-GAT-4xGAT
asp_summary,96,−Gln,293T,2,GCN2 KO,relative_yfp,4.55466054483584,GAC,GAC,Asp,YFP-GAC-4xGAC,Asp YFP-GAC-4xGAC
asp_summary,96,−Gln,293T,2,GCN2 KO,relative_yfp,3.9132969731387233,GAC,GAT,Asp,YFP-GAC-4xGAT,Asp YFP-GAC-4xGAT
asp_summary,96,−Gln,293T,2,GCN2 KO,relative_yfp,5.631611538385562,GAT,GAC,Asp,YFP-GAT-4xGAC,Asp YFP-GAT-4xGAC
asp_summary,96,−Gln,293T,2,GCN2 KO,relative_yfp,6.373584573228245,GAT,GAT,Asp,YFP-GAT-4xGAT,Asp YFP-GAT-4xGAT
asp_summary,96,−Gln,293T,1,WT,relative_yfp,0.8090414081378434,GAC,GAC,Asp,YFP-GAC-4xGAC,Asp YFP-GAC-4xGAC
asp_summary,96,−Gln,293T,1,WT,relative_yfp,0.7616608857291562,GAC,GAT,Asp,YFP-GAC-4xGAT,Asp YFP-GAC-4xGAT
asp_summary,96,−Gln,293T,1,WT,relative_yfp,0.8178416951462851,GAT,GAC,Asp,YFP-GAT-4xGAC,Asp YFP-GAT-4xGAC
asp_summary,96,−Gln,293T,1,WT,relative_yfp,1.0095877205876898,GAT,GAT,Asp,YFP-GAT-4xGAT,Asp YFP-GAT-4xGAT
asp_summary,120,−Gln,HCT116,2,GCN2 KO,relative_yfp,21.575417922765308,GAC,GAC,Asp,YFP-GAC-4xGAC,Asp YFP-GAC-4xGAC
asp_summary,120,−Gln,HCT116,2,GCN2 KO,relative_yfp,19.373050407102443,GAC,GAT,Asp,YFP-GAC-4xGAT,Asp YFP-GAC-4xGAT
asp_summary,120,−Gln,HCT116,2,GCN2 KO,relative_yfp,17.58455700669306,GAT,GAC,Asp,YFP-GAT-4xGAC,Asp YFP-GAT-4xGAC
asp_summary,120,−Gln,HCT116,2,GCN2 KO,relative_yfp,12.71204187868487,GAT,GAT,Asp,YFP-GAT-4xGAT,Asp YFP-GAT-4xGAT
asp_summary,120,−Gln,HCT116,1,WT,relative_yfp,3.797745629043793,GAC,GAC,Asp,YFP-GAC-4xGAC,Asp YFP-GAC-4xGAC
asp_summary,120,−Gln,HCT116,1,WT,relative_yfp,2.7608699578845326,GAC,GAT,Asp,YFP-GAC-4xGAT,Asp YFP-GAC-4xGAT
asp_summary,120,−Gln,HCT116,1,WT,relative_yfp,3.2387556016208205,GAT,GAC,Asp,YFP-GAT-4xGAC,Asp YFP-GAT-4xGAC
asp_summary,120,−Gln,HCT116,1,WT,relative_yfp,3.144647972480949,GAT,GAT,Asp,YFP-GAT-4xGAT,Asp YFP-GAT-4xGAT
asp_summary,24,−Gln,HCT116,2,GCN2 KO,relative_yfp,12.785510090946092,GAC,GAC,Asp,YFP-GAC-4xGAC,Asp YFP-GAC-4xGAC
asp_summary,24,−Gln,HCT116,2,GCN2 KO,relative_yfp,11.168139989251422,GAC,GAT,Asp,YFP-GAC-4xGAT,Asp YFP-GAC-4xGAT
asp_summary,24,−Gln,HCT116,2,GCN2 KO,relative_yfp,11.711863847347026,GAT,GAC,Asp,YFP-GAT-4xGAC,Asp YFP-GAT-4xGAC
asp_summary,24,−Gln,HCT116,2,GCN2 KO,relative_yfp,10.744509149459052,GAT,GAT,Asp,YFP-GAT-4xGAT,Asp YFP-GAT-4xGAT
asp_summary,24,−Gln,HCT116,1,WT,relative_yfp,8.699648334292,GAC,GAC,Asp,YFP-GAC-4xGAC,Asp YFP-GAC-4xGAC
asp_summary,24,−Gln,HCT116,1,WT,relative_yfp,6.2240929558546645,GAC,GAT,Asp,YFP-GAC-4xGAT,Asp YFP-GAC-4xGAT
asp_summary,24,−Gln,HCT116,1,WT,relative_yfp,7.195392834911571,GAT,GAC,Asp,YFP-GAT-4xGAC,Asp YFP-GAT-4xGAC
asp_summary,24,−Gln,HCT116,1,WT,relative_yfp,6.8423854216829865,GAT,GAT,Asp,YFP-GAT-4xGAT,Asp YFP-GAT-4xGAT
asp_summary,72,−Gln,HCT116,2,GCN2 KO,relative_yfp,14.710677180058626,GAC,GAC,Asp,YFP-GAC-4xGAC,Asp YFP-GAC-4xGAC
asp_summary,72,−Gln,HCT116,2,GCN2 KO,relative_yfp,11.708995001739437,GAC,GAT,Asp,YFP-GAC-4xGAT,Asp YFP-GAC-4xGAT
asp_summary,72,−Gln,HCT116,2,GCN2 KO,relative_yfp,9.829818622043264,GAT,GAC,Asp,YFP-GAT-4xGAC,Asp YFP-GAT-4xGAC
asp_summary,72,−Gln,HCT116,2,GCN2 KO,relative_yfp,8.128695411009994,GAT,GAT,Asp,YFP-GAT-4xGAT,Asp YFP-GAT-4xGAT
asp_summary,72,−Gln,HCT116,1,WT,relative_yfp,4.300526228059238,GAC,GAC,Asp,YFP-GAC-4xGAC,Asp YFP-GAC-4xGAC
asp_summary,72,−Gln,HCT116,1,WT,relative_yfp,3.116241754515209,GAC,GAT,Asp,YFP-GAC-4xGAT,Asp YFP-GAC-4xGAT
asp_summary,72,−Gln,HCT116,1,WT,relative_yfp,3.532776933704303,GAT,GAC,Asp,YFP-GAT-4xGAC,Asp YFP-GAT-4xGAC
asp_summary,72,−Gln,HCT116,1,WT,relative_yfp,2.867693469584485,GAT,GAT,Asp,YFP-GAT-4xGAT,Asp YFP-GAT-4xGAT
asp_summary,96,−Gln,HCT116,2,GCN2 KO,relative_yfp,16.489733154331066,GAC,GAC,Asp,YFP-GAC-4xGAC,Asp YFP-GAC-4xGAC
asp_summary,96,−Gln,HCT116,2,GCN2 KO,relative_yfp,13.033326030353606,GAC,GAT,Asp,YFP-GAC-4xGAT,Asp YFP-GAC-4xGAT
asp_summary,96,−Gln,HCT116,2,GCN2 KO,relative_yfp,11.821827931477438,GAT,GAC,Asp,YFP-GAT-4xGAC,Asp YFP-GAT-4xGAC
asp_summary,96,−Gln,HCT116,2,GCN2 KO,relative_yfp,8.522904499916676,GAT,GAT,Asp,YFP-GAT-4xGAT,Asp YFP-GAT-4xGAT
asp_summary,96,−Gln,HCT116,1,WT,relative_yfp,2.772580686903554,GAC,GAC,Asp,YFP-GAC-4xGAC,Asp YFP-GAC-4xGAC
asp_summary,96,−Gln,HCT116,1,WT,relative_yfp,3.848928462905205,GAC,GAT,Asp,YFP-GAC-4xGAT,Asp YFP-GAC-4xGAT
asp_summary,96,−Gln,HCT116,1,WT,relative_yfp,2.7380267903517015,GAT,GAC,Asp,YFP-GAT-4xGAC,Asp YFP-GAT-4xGAC
asp_summary,96,−Gln,HCT116,1,WT,relative_yfp,2.572170349898378,GAT,GAT,Asp,YFP-GAT-4xGAT,Asp YFP-GAT-4xGAT
cys_summary,144,−Cys,293T,1,WT,relative_yfp,1.8576433823497345,TGC,TGC,Cys,YFP-TGC-4xTGC,Cys YFP-TGC-4xTGC
cys_summary,144,−Cys,293T,1,WT,relative_yfp,1.820389126482711,TGC,TGT,Cys,YFP-TGC-4xTGT,Cys YFP-TGC-4xTGT
cys_summary,144,−Cys,293T,2,GCN2 KO,relative_yfp,1.7252180510381756,TGC,TGC,Cys,YFP-TGC-4xTGC,Cys YFP-TGC-4xTGC
cys_summary,144,−Cys,293T,2,GCN2 KO,relative_yfp,1.6756654097591728,TGC,TGT,Cys,YFP-TGC-4xTGT,Cys YFP-TGC-4xTGT
cys_summary,24,−Cys,293T,1,WT,relative_yfp,1.1590151059823213,TGC,TGC,Cys,YFP-TGC-4xTGC,Cys YFP-TGC-4xTGC
cys_summary,24,−Cys,293T,1,WT,relative_yfp,1.0675196280967263,TGC,TGT,Cys,YFP-TGC-4xTGT,Cys YFP-TGC-4xTGT
cys_summary,24,−Cys,293T,2,GCN2 KO,relative_yfp,1.015144971304398,TGC,TGC,Cys,YFP-TGC-4xTGC,Cys YFP-TGC-4xTGC
cys_summary,24,−Cys,293T,2,GCN2 KO,relative_yfp,1.0116249899673986,TGC,TGT,Cys,YFP-TGC-4xTGT,Cys YFP-TGC-4xTGT
cys_summary,66,−Cys,293T,1,WT,relative_yfp,2.3079276957079973,TGC,TGC,Cys,YFP-TGC-4xTGC,Cys YFP-TGC-4xTGC
cys_summary,66,−Cys,293T,1,WT,relative_yfp,2.728232580485665,TGC,TGT,Cys,YFP-TGC-4xTGT,Cys YFP-TGC-4xTGT
cys_summary,66,−Cys,293T,2,GCN2 KO,relative_yfp,1.5075633199936818,TGC,TGC,Cys,YFP-TGC-4xTGC,Cys YFP-TGC-4xTGC
cys_summary,66,−Cys,293T,2,GCN2 KO,relative_yfp,2.137938953318447,TGC,TGT,Cys,YFP-TGC-4xTGT,Cys YFP-TGC-4xTGT
cys_summary,120,−Cys,HCT116,2,GCN2 KO,relative_yfp,62.94445139310413,TGC,TGC,Cys,YFP-TGC-4xTGC,Cys YFP-TGC-4xTGC
cys_summary,120,−Cys,HCT116,2,GCN2 KO,relative_yfp,77.3649178999869,TGC,TGT,Cys,YFP-TGC-4xTGT,Cys YFP-TGC-4xTGT
cys_summary,120,−Cys,HCT116,1,WT,relative_yfp,31.339614785469852,TGC,TGC,Cys,YFP-TGC-4xTGC,Cys YFP-TGC-4xTGC
cys_summary,120,−Cys,HCT116,1,WT,relative_yfp,37.50947154661068,TGC,TGT,Cys,YFP-TGC-4xTGT,Cys YFP-TGC-4xTGT
cys_summary,26,−Cys,HCT116,2,GCN2 KO,relative_yfp,1.3091910403593796,TGC,TGC,Cys,YFP-TGC-4xTGC,Cys YFP-TGC-4xTGC
cys_summary,26,−Cys,HCT116,2,GCN2 KO,relative_yfp,1.8271458620771857,TGC,TGT,Cys,YFP-TGC-4xTGT,Cys YFP-TGC-4xTGT
cys_summary,26,−Cys,HCT116,1,WT,relative_yfp,1.5071711364458484,TGC,TGC,Cys,YFP-TGC-4xTGC,Cys YFP-TGC-4xTGC
cys_summary,26,−Cys,HCT116,1,WT,relative_yfp,1.7254081494931948,TGC,TGT,Cys,YFP-TGC-4xTGT,Cys YFP-TGC-4xTGT
cys_summary,72,−Cys,HCT116,2,GCN2 KO,relative_yfp,38.610142918288936,TGC,TGC,Cys,YFP-TGC-4xTGC,Cys YFP-TGC-4xTGC
cys_summary,72,−Cys,HCT116,2,GCN2 KO,relative_yfp,56.69190838720221,TGC,TGT,Cys,YFP-TGC-4xTGT,Cys YFP-TGC-4xTGT
cys_summary,72,−Cys,HCT116,1,WT,relative_yfp,8.092477810424947,TGC,TGC,Cys,YFP-TGC-4xTGC,Cys YFP-TGC-4xTGC
cys_summary,72,−Cys,HCT116,1,WT,relative_yfp,11.368570421564222,TGC,TGT,Cys,YFP-TGC-4xTGT,Cys YFP-TGC-4xTGT
gln_summary,24,−Gln,293T,2,GCN2 KO,relative_yfp,1.2364931806455195,CAA,CAA,Gln,YFP-CAA-4xCAA,Gln YFP-CAA-4xCAA
gln_summary,24,−Gln,293T,2,GCN2 KO,relative_yfp,1.1494608553102987,CAA,CAG,Gln,YFP-CAA-4xCAG,Gln YFP-CAA-4xCAG
gln_summary,24,−Gln,293T,2,GCN2 KO,relative_yfp,1.266534375259918,CAG,CAA,Gln,YFP-CAG-4xCAA,Gln YFP-CAG-4xCAA
gln_summary,24,−Gln,293T,2,GCN2 KO,relative_yfp,1.4309129229631097,CAG,CAG,Gln,YFP-CAG-4xCAG,Gln YFP-CAG-4xCAG
gln_summary,24,−Gln,293T,1,WT,relative_yfp,0.831285348146894,CAA,CAA,Gln,YFP-CAA-4xCAA,Gln YFP-CAA-4xCAA
gln_summary,24,−Gln,293T,1,WT,relative_yfp,0.8195850780545529,CAA,CAG,Gln,YFP-CAA-4xCAG,Gln YFP-CAA-4xCAG
gln_summary,24,−Gln,293T,1,WT,relative_yfp,0.7119995114135516,CAG,CAA,Gln,YFP-CAG-4xCAA,Gln YFP-CAG-4xCAA
gln_summary,24,−Gln,293T,1,WT,relative_yfp,0.762755391337162,CAG,CAG,Gln,YFP-CAG-4xCAG,Gln YFP-CAG-4xCAG
gln_summary,72,−Gln,293T,2,GCN2 KO,relative_yfp,1.5298415926142028,CAA,CAG,Gln,YFP-CAA-4xCAG,Gln YFP-CAA-4xCAG
gln_summary,72,−Gln,293T,2,GCN2 KO,relative_yfp,1.626306323700937,CAG,CAA,Gln,YFP-CAG-4xCAA,Gln YFP-CAG-4xCAA
gln_summary,72,−Gln,293T,2,GCN2 KO,relative_yfp,1.835188773471324,CAG,CAG,Gln,YFP-CAG-4xCAG,Gln YFP-CAG-4xCAG
gln_summary,72,−Gln,293T,1,WT,relative_yfp,0.7943350052063678,CAA,CAA,Gln,YFP-CAA-4xCAA,Gln YFP-CAA-4xCAA
gln_summary,72,−Gln,293T,1,WT,relative_yfp,0.6694559618300345,CAA,CAG,Gln,YFP-CAA-4xCAG,Gln YFP-CAA-4xCAG
gln_summary,72,−Gln,293T,1,WT,relative_yfp,0.8106453307043897,CAG,CAA,Gln,YFP-CAG-4xCAA,Gln YFP-CAG-4xCAA
gln_summary,72,−Gln,293T,1,WT,relative_yfp,0.6741728353233203,CAG,CAG,Gln,YFP-CAG-4xCAG,Gln YFP-CAG-4xCAG
gln_summary,144,−Gln,293T,2,GCN2 KO,relative_yfp,5.516601337084282,CAA,CAA,Gln,YFP-CAA-4xCAA,Gln YFP-CAA-4xCAA
gln_summary,144,−Gln,293T,2,GCN2 KO,relative_yfp,4.696682727109539,CAA,CAG,Gln,YFP-CAA-4xCAG,Gln YFP-CAA-4xCAG
gln_summary,144,−Gln,293T,2,GCN2 KO,relative_yfp,5.435664746682872,CAG,CAA,Gln,YFP-CAG-4xCAA,Gln YFP-CAG-4xCAA
gln_summary,144,−Gln,293T,2,GCN2 KO,relative_yfp,5.907825342533074,CAG,CAG,Gln,YFP-CAG-4xCAG,Gln YFP-CAG-4xCAG
gln_summary,144,−Gln,293T,1,WT,relative_yfp,1.325882015955202,CAA,CAA,Gln,YFP-CAA-4xCAA,Gln YFP-CAA-4xCAA
gln_summary,144,−Gln,293T,1,WT,relative_yfp,1.0623729108584885,CAA,CAG,Gln,YFP-CAA-4xCAG,Gln YFP-CAA-4xCAG
gln_summary,144,−Gln,293T,1,WT,relative_yfp,1.3111414152552314,CAG,CAA,Gln,YFP-CAG-4xCAA,Gln YFP-CAG-4xCAA
gln_summary,144,−Gln,293T,1,WT,relative_yfp,1.061338323244263,CAG,CAG,Gln,YFP-CAG-4xCAG,Gln YFP-CAG-4xCAG
gln_summary,24,−Gln,HCT116,2,GCN2 KO,relative_yfp,12.108348495379738,CAA,CAG,Gln,YFP-CAA-4xCAG,Gln YFP-CAA-4xCAG
gln_summary,24,−Gln,HCT116,2,GCN2 KO,relative_yfp,11.90754502613488,CAG,CAA,Gln,YFP-CAG-4xCAA,Gln YFP-CAG-4xCAA
gln_summary,24,−Gln,HCT116,1,WT,relative_yfp,13.04321917749408,CAA,CAG,Gln,YFP-CAA-4xCAG,Gln YFP-CAA-4xCAG
gln_summary,24,−Gln,HCT116,1,WT,relative_yfp,7.219226088845372,CAG,CAA,Gln,YFP-CAG-4xCAA,Gln YFP-CAG-4xCAA
gln_summary,48,−Gln,HCT116,2,GCN2 KO,relative_yfp,16.99020299716364,CAA,CAG,Gln,YFP-CAA-4xCAG,Gln YFP-CAA-4xCAG
gln_summary,48,−Gln,HCT116,2,GCN2 KO,relative_yfp,17.43933432228387,CAG,CAA,Gln,YFP-CAG-4xCAA,Gln YFP-CAG-4xCAA
gln_summary,48,−Gln,HCT116,1,WT,relative_yfp,9.118380037933138,CAA,CAG,Gln,YFP-CAA-4xCAG,Gln YFP-CAA-4xCAG
gln_summary,48,−Gln,HCT116,1,WT,relative_yfp,5.284046406807254,CAG,CAA,Gln,YFP-CAG-4xCAA,Gln YFP-CAG-4xCAA
gln_summary,72,−Gln,HCT116,2,GCN2 KO,relative_yfp,28.851946281228077,CAA,CAG,Gln,YFP-CAA-4xCAG,Gln YFP-CAA-4xCAG
gln_summary,72,−Gln,HCT116,2,GCN2 KO,relative_yfp,29.420558159725168,CAG,CAA,Gln,YFP-CAG-4xCAA,Gln YFP-CAG-4xCAA
gln_summary,72,−Gln,HCT116,1,WT,relative_yfp,9.242185543391336,CAA,CAG,Gln,YFP-CAA-4xCAG,Gln YFP-CAA-4xCAG
gln_summary,72,−Gln,HCT116,1,WT,relative_yfp,7.274697089279323,CAG,CAA,Gln,YFP-CAG-4xCAA,Gln YFP-CAG-4xCAA
gln_summary,96,−Gln,HCT116,2,GCN2 KO,relative_yfp,37.742140014735064,CAA,CAG,Gln,YFP-CAA-4xCAG,Gln YFP-CAA-4xCAG
gln_summary,96,−Gln,HCT116,2,GCN2 KO,relative_yfp,37.75756640618832,CAG,CAA,Gln,YFP-CAG-4xCAA,Gln YFP-CAG-4xCAA
gln_summary,96,−Gln,HCT116,1,WT,relative_yfp,13.548441834078764,CAA,CAG,Gln,YFP-CAA-4xCAG,Gln YFP-CAA-4xCAG
gln_summary,96,−Gln,HCT116,1,WT,relative_yfp,10.273437671017298,CAG,CAA,Gln,YFP-CAG-4xCAA,Gln YFP-CAG-4xCAA
glu_summary,144,−Gln,293T,2,GCN2 KO,relative_yfp,10.329691035046888,GAG,GAA,Glu,YFP-GAG-4xGAA,Glu YFP-GAG-4xGAA
glu_summary,144,−Gln,293T,2,GCN2 KO,relative_yfp,10.106935614749702,GAG,GAG,Glu,YFP-GAG-4xGAG,Glu YFP-GAG-4xGAG
glu_summary,192,−Gln,293T,1,WT,relative_yfp,0.8386398602549762,GAG,GAA,Glu,YFP-GAG-4xGAA,Glu YFP-GAG-4xGAA
glu_summary,192,−Gln,293T,1,WT,relative_yfp,0.8359053532895683,GAG,GAG,Glu,YFP-GAG-4xGAG,Glu YFP-GAG-4xGAG
glu_summary,24,−Gln,293T,1,WT,relative_yfp,0.3471602405513369,GAG,GAA,Glu,YFP-GAG-4xGAA,Glu YFP-GAG-4xGAA
glu_summary,24,−Gln,293T,1,WT,relative_yfp,0.35699084458865477,GAG,GAG,Glu,YFP-GAG-4xGAG,Glu YFP-GAG-4xGAG
glu_summary,24,−Gln,293T,2,GCN2 KO,relative_yfp,0.9420155766503454,GAG,GAA,Glu,YFP-GAG-4xGAA,Glu YFP-GAG-4xGAA
glu_summary,24,−Gln,293T,2,GCN2 KO,relative_yfp,0.9409721803922184,GAG,GAG,Glu,YFP-GAG-4xGAG,Glu YFP-GAG-4xGAG
glu_summary,72,−Gln,293T,1,WT,relative_yfp,0.47631658491337975,GAG,GAA,Glu,YFP-GAG-4xGAA,Glu YFP-GAG-4xGAA
glu_summary,72,−Gln,293T,1,WT,relative_yfp,0.4255154392930767,GAG,GAG,Glu,YFP-GAG-4xGAG,Glu YFP-GAG-4xGAG
glu_summary,96,−Gln,293T,2,GCN2 KO,relative_yfp,6.4821726481882065,GAG,GAA,Glu,YFP-GAG-4xGAA,Glu YFP-GAG-4xGAA
glu_summary,96,−Gln,293T,2,GCN2 KO,relative_yfp,7.7894690872276175,GAG,GAG,Glu,YFP-GAG-4xGAG,Glu YFP-GAG-4xGAG
glu_summary,24,−Gln,HCT116,2,GCN2 KO,relative_yfp,7.727781948961653,GAG,GAA,Glu,YFP-GAG-4xGAA,Glu YFP-GAG-4xGAA
glu_summary,24,−Gln,HCT116,2,GCN2 KO,relative_yfp,8.496494509765713,GAG,GAG,Glu,YFP-GAG-4xGAG,Glu YFP-GAG-4xGAG
glu_summary,24,−Gln,HCT116,1,WT,relative_yfp,4.417332752658235,GAG,GAA,Glu,YFP-GAG-4xGAA,Glu YFP-GAG-4xGAA
glu_summary,24,−Gln,HCT116,1,WT,relative_yfp,4.942013357767975,GAG,GAG,Glu,YFP-GAG-4xGAG,Glu YFP-GAG-4xGAG
glu_summary,48,−Gln,HCT116,2,GCN2 KO,relative_yfp,10.040552161445955,GAG,GAA,Glu,YFP-GAG-4xGAA,Glu YFP-GAG-4xGAA
glu_summary,48,−Gln,HCT116,2,GCN2 KO,relative_yfp,9.756147403455913,GAG,GAG,Glu,YFP-GAG-4xGAG,Glu YFP-GAG-4xGAG
glu_summary,48,−Gln,HCT116,1,WT,relative_yfp,6.330431395732893,GAG,GAG,Glu,YFP-GAG-4xGAG,Glu YFP-GAG-4xGAG
glu_summary,72,−Gln,HCT116,2,GCN2 KO,relative_yfp,16.611450611463006,GAG,GAA,Glu,YFP-GAG-4xGAA,Glu YFP-GAG-4xGAA
glu_summary,72,−Gln,HCT116,2,GCN2 KO,relative_yfp,15.73484741467446,GAG,GAG,Glu,YFP-GAG-4xGAG,Glu YFP-GAG-4xGAG
glu_summary,72,−Gln,HCT116,1,WT,relative_yfp,5.818928364556316,GAG,GAG,Glu,YFP-GAG-4xGAG,Glu YFP-GAG-4xGAG
glu_summary,96,−Gln,HCT116,2,GCN2 KO,relative_yfp,20.43823899799893,GAG,GAA,Glu,YFP-GAG-4xGAA,Glu YFP-GAG-4xGAA
glu_summary,96,−Gln,HCT116,2,GCN2 KO,relative_yfp,17.957019484809454,GAG,GAG,Glu,YFP-GAG-4xGAG,Glu YFP-GAG-4xGAG
glu_summary,96,−Gln,HCT116,1,WT,relative_yfp,7.35130281405477,GAG,GAA,Glu,YFP-GAG-4xGAA,Glu YFP-GAG-4xGAA
glu_summary,96,−Gln,HCT116,1,WT,relative_yfp,7.236617557490673,GAG,GAG,Glu,YFP-GAG-4xGAG,Glu YFP-GAG-4xGAG
his_summary,116,−His,HCT116,2,GCN2 KO,relative_yfp,4.730715837699233,CAC,CAT,His,YFP-CAC-4xCAT,His YFP-CAC-4xCAT
his_summary,116,−His,HCT116,2,GCN2 KO,relative_yfp,5.942614154592481,CAT,CAC,His,YFP-CAT-4xCAC,His YFP-CAT-4xCAC
his_summary,116,−His,HCT116,1,WT,relative_yfp,1.5474983788276924,CAC,CAT,His,YFP-CAC-4xCAT,His YFP-CAC-4xCAT
his_summary,116,−His,HCT116,1,WT,relative_yfp,1.3589430692861388,CAT,CAC,His,YFP-CAT-4xCAC,His YFP-CAT-4xCAC
his_summary,24,−His,293T,2,GCN2 KO,relative_yfp,3.861157673424675,CAC,CAT,His,YFP-CAC-4xCAT,His YFP-CAC-4xCAT
his_summary,24,−His,293T,2,GCN2 KO,relative_yfp,1.51609536794494,CAT,CAC,His,YFP-CAT-4xCAC,His YFP-CAT-4xCAC
his_summary,24,−His,293T,1,WT,relative_yfp,1.120206807352922,CAC,CAT,His,YFP-CAC-4xCAT,His YFP-CAC-4xCAT
his_summary,24,−His,293T,1,WT,relative_yfp,0.7037467349112143,CAT,CAC,His,YFP-CAT-4xCAC,His YFP-CAT-4xCAC
his_summary,24,−His,HCT116,2,GCN2 KO,relative_yfp,5.683943344730454,CAC,CAT,His,YFP-CAC-4xCAT,His YFP-CAC-4xCAT
his_summary,24,−His,HCT116,2,GCN2 KO,relative_yfp,2.4060862463591626,CAT,CAC,His,YFP-CAT-4xCAC,His YFP-CAT-4xCAC
his_summary,24,−His,HCT116,1,WT,relative_yfp,0.9869033955983796,CAC,CAT,His,YFP-CAC-4xCAT,His YFP-CAC-4xCAT
his_summary,24,−His,HCT116,1,WT,relative_yfp,0.891784419204538,CAT,CAC,His,YFP-CAT-4xCAC,His YFP-CAT-4xCAC
his_summary,45,−His,293T,2,GCN2 KO,relative_yfp,16.87157995698105,CAC,CAT,His,YFP-CAC-4xCAT,His YFP-CAC-4xCAT
his_summary,45,−His,293T,2,GCN2 KO,relative_yfp,6.247872827763153,CAT,CAC,His,YFP-CAT-4xCAC,His YFP-CAT-4xCAC
his_summary,45,−His,293T,1,WT,relative_yfp,2.3371169723929635,CAC,CAT,His,YFP-CAC-4xCAT,His YFP-CAC-4xCAT
his_summary,45,−His,293T,1,WT,relative_yfp,3.2672767963671836,CAT,CAC,His,YFP-CAT-4xCAC,His YFP-CAT-4xCAC
his_summary,45,−His,HCT116,2,GCN2 KO,relative_yfp,4.330896668534641,CAC,CAT,His,YFP-CAC-4xCAT,His YFP-CAC-4xCAT
his_summary,45,−His,HCT116,2,GCN2 KO,relative_yfp,5.12762817157008,CAT,CAC,His,YFP-CAT-4xCAC,His YFP-CAT-4xCAC
his_summary,45,−His,HCT116,1,WT,relative_yfp,1.0643816582934362,CAC,CAT,His,YFP-CAC-4xCAT,His YFP-CAC-4xCAT
his_summary,45,−His,HCT116,1,WT,relative_yfp,1.0781121436365813,CAT,CAC,His,YFP-CAT-4xCAC,His YFP-CAT-4xCAC
his_summary,68,−His,293T,2,GCN2 KO,relative_yfp,7.350965071079316,CAC,CAT,His,YFP-CAC-4xCAT,His YFP-CAC-4xCAT
his_summary,68,−His,293T,2,GCN2 KO,relative_yfp,2.6085654077484213,CAT,CAC,His,YFP-CAT-4xCAC,His YFP-CAT-4xCAC
his_summary,68,−His,293T,1,WT,relative_yfp,3.5776337562592087,CAC,CAT,His,YFP-CAC-4xCAT,His YFP-CAC-4xCAT
his_summary,68,−His,293T,1,WT,relative_yfp,1.5743411225919604,CAT,CAC,His,YFP-CAT-4xCAC,His YFP-CAT-4xCAC
his_summary,68,−His,HCT116,2,GCN2 KO,relative_yfp,3.3066363921479716,CAC,CAT,His,YFP-CAC-4xCAT,His YFP-CAC-4xCAT
his_summary,68,−His,HCT116,2,GCN2 KO,relative_yfp,11.494304451500811,CAT,CAC,His,YFP-CAT-4xCAC,His YFP-CAT-4xCAC
his_summary,68,−His,HCT116,1,WT,relative_yfp,0.9315015814889318,CAC,CAT,His,YFP-CAC-4xCAT,His YFP-CAC-4xCAT
his_summary,68,−His,HCT116,1,WT,relative_yfp,1.046956659021672,CAT,CAC,His,YFP-CAT-4xCAC,His YFP-CAT-4xCAC
ile_summary,120,−Ile,293T,2,GCN2 KO,relative_yfp,11.973584730563251,ATA,ATA,Ile,YFP-ATA-4xATA,Ile YFP-ATA-4xATA
ile_summary,120,−Ile,293T,2,GCN2 KO,relative_yfp,74.65307517245276,ATA,ATC,Ile,YFP-ATA-4xATC,Ile YFP-ATA-4xATC
ile_summary,120,−Ile,293T,2,GCN2 KO,relative_yfp,49.166173632292605,ATA,ATT,Ile,YFP-ATA-4xATT,Ile YFP-ATA-4xATT
ile_summary,120,−Ile,293T,1,WT,relative_yfp,4.018768852649348,ATA,ATA,Ile,YFP-ATA-4xATA,Ile YFP-ATA-4xATA
ile_summary,120,−Ile,293T,1,WT,relative_yfp,6.02706477330879,ATA,ATC,Ile,YFP-ATA-4xATC,Ile YFP-ATA-4xATC
ile_summary,120,−Ile,293T,1,WT,relative_yfp,9.421654711961644,ATA,ATT,Ile,YFP-ATA-4xATT,Ile YFP-ATA-4xATT
ile_summary,30,−Ile,293T,2,GCN2 KO,relative_yfp,0.8539605111033781,ATA,ATA,Ile,YFP-ATA-4xATA,Ile YFP-ATA-4xATA
ile_summary,30,−Ile,293T,2,GCN2 KO,relative_yfp,9.701025917865074,ATA,ATC,Ile,YFP-ATA-4xATC,Ile YFP-ATA-4xATC
ile_summary,30,−Ile,293T,2,GCN2 KO,relative_yfp,12.688006805701216,ATA,ATT,Ile,YFP-ATA-4xATT,Ile YFP-ATA-4xATT
ile_summary,30,−Ile,293T,1,WT,relative_yfp,0.5697040302270046,ATA,ATA,Ile,YFP-ATA-4xATA,Ile YFP-ATA-4xATA
ile_summary,30,−Ile,293T,1,WT,relative_yfp,1.0690202776034063,ATA,ATC,Ile,YFP-ATA-4xATC,Ile YFP-ATA-4xATC
ile_summary,30,−Ile,293T,1,WT,relative_yfp,0.8301293550484756,ATA,ATT,Ile,YFP-ATA-4xATT,Ile YFP-ATA-4xATT
ile_summary,30,−Ile,HCT116,2,GCN2 KO,relative_yfp,2.955602496473337,ATA,ATA,Ile,YFP-ATA-4xATA,Ile YFP-ATA-4xATA
ile_summary,30,−Ile,HCT116,2,GCN2 KO,relative_yfp,27.5972189251462,ATA,ATC,Ile,YFP-ATA-4xATC,Ile YFP-ATA-4xATC
ile_summary,30,−Ile,HCT116,2,GCN2 KO,relative_yfp,24.777687992370755,ATA,ATT,Ile,YFP-ATA-4xATT,Ile YFP-ATA-4xATT
ile_summary,30,−Ile,HCT116,1,WT,relative_yfp,1.0949762904608475,ATA,ATA,Ile,YFP-ATA-4xATA,Ile YFP-ATA-4xATA
ile_summary,30,−Ile,HCT116,1,WT,relative_yfp,2.170643530404505,ATA,ATC,Ile,YFP-ATA-4xATC,Ile YFP-ATA-4xATC
ile_summary,30,−Ile,HCT116,1,WT,relative_yfp,2.500162251713811,ATA,ATT,Ile,YFP-ATA-4xATT,Ile YFP-ATA-4xATT
ile_summary,55,−Ile,293T,2,GCN2 KO,relative_yfp,1.6991782399003796,ATA,ATA,Ile,YFP-ATA-4xATA,Ile YFP-ATA-4xATA
ile_summary,55,−Ile,293T,2,GCN2 KO,relative_yfp,25.957130102965703,ATA,ATC,Ile,YFP-ATA-4xATC,Ile YFP-ATA-4xATC
ile_summary,55,−Ile,293T,2,GCN2 KO,relative_yfp,25.004449688081372,ATA,ATT,Ile,YFP-ATA-4xATT,Ile YFP-ATA-4xATT
ile_summary,55,−Ile,293T,1,WT,relative_yfp,0.7902575006536318,ATA,ATA,Ile,YFP-ATA-4xATA,Ile YFP-ATA-4xATA
ile_summary,55,−Ile,293T,1,WT,relative_yfp,1.7252149522123668,ATA,ATC,Ile,YFP-ATA-4xATC,Ile YFP-ATA-4xATC
ile_summary,55,−Ile,293T,1,WT,relative_yfp,1.4357783206927734,ATA,ATT,Ile,YFP-ATA-4xATT,Ile YFP-ATA-4xATT
ile_summary,55,−Ile,HCT116,2,GCN2 KO,relative_yfp,5.51176286285343,ATA,ATA,Ile,YFP-ATA-4xATA,Ile YFP-ATA-4xATA
ile_summary,55,−Ile,HCT116,2,GCN2 KO,relative_yfp,76.40813308775459,ATA,ATC,Ile,YFP-ATA-4xATC,Ile YFP-ATA-4xATC
ile_summary,55,−Ile,HCT116,2,GCN2 KO,relative_yfp,58.76754153499228,ATA,ATT,Ile,YFP-ATA-4xATT,Ile YFP-ATA-4xATT
ile_summary,55,−Ile,HCT116,1,WT,relative_yfp,1.2458261196294933,ATA,ATA,Ile,YFP-ATA-4xATA,Ile YFP-ATA-4xATA
ile_summary,55,−Ile,HCT116,1,WT,relative_yfp,1.9481772360426095,ATA,ATC,Ile,YFP-ATA-4xATC,Ile YFP-ATA-4xATC
ile_summary,55,−Ile,HCT116,1,WT,relative_yfp,2.2973712982168766,ATA,ATT,Ile,YFP-ATA-4xATT,Ile YFP-ATA-4xATT
ile_summary,76,−Ile,293T,2,GCN2 KO,relative_yfp,3.731722344321105,ATA,ATA,Ile,YFP-ATA-4xATA,Ile YFP-ATA-4xATA
ile_summary,76,−Ile,293T,2,GCN2 KO,relative_yfp,44.45503683131593,ATA,ATC,Ile,YFP-ATA-4xATC,Ile YFP-ATA-4xATC
ile_summary,76,−Ile,293T,2,GCN2 KO,relative_yfp,35.449666947584625,ATA,ATT,Ile,YFP-ATA-4xATT,Ile YFP-ATA-4xATT
ile_summary,76,−Ile,293T,1,WT,relative_yfp,1.3934288811806026,ATA,ATA,Ile,YFP-ATA-4xATA,Ile YFP-ATA-4xATA
ile_summary,76,−Ile,293T,1,WT,relative_yfp,2.981995782879323,ATA,ATC,Ile,YFP-ATA-4xATC,Ile YFP-ATA-4xATC
ile_summary,76,−Ile,293T,1,WT,relative_yfp,2.8251985761601315,ATA,ATT,Ile,YFP-ATA-4xATT,Ile YFP-ATA-4xATT
ile_summary,76,−Ile,HCT116,2,GCN2 KO,relative_yfp,5.958802962983743,ATA,ATA,Ile,YFP-ATA-4xATA,Ile YFP-ATA-4xATA
ile_summary,76,−Ile,HCT116,2,GCN2 KO,relative_yfp,85.17492008023595,ATA,ATC,Ile,YFP-ATA-4xATC,Ile YFP-ATA-4xATC
ile_summary,76,−Ile,HCT116,2,GCN2 KO,relative_yfp,69.9113007166588,ATA,ATT,Ile,YFP-ATA-4xATT,Ile YFP-ATA-4xATT
ile_summary,76,−Ile,HCT116,1,WT,relative_yfp,1.3701287453402362,ATA,ATA,Ile,YFP-ATA-4xATA,Ile YFP-ATA-4xATA
ile_summary,76,−Ile,HCT116,1,WT,relative_yfp,1.9135892173764584,ATA,ATC,Ile,YFP-ATA-4xATC,Ile YFP-ATA-4xATC
ile_summary,76,−Ile,HCT116,1,WT,relative_yfp,2.2137910742265445,ATA,ATT,Ile,YFP-ATA-4xATT,Ile YFP-ATA-4xATT
leu_summary,24,−Leu,293T,2,GCN2 KO,relative_yfp,1.4304512627475772,CTA,CTA,Leu,YFP-CTA-4xCTA,Leu YFP-CTA-4xCTA
leu_summary,24,−Leu,293T,2,GCN2 KO,relative_yfp,6.615728265597881,CTA,CTC,Leu,YFP-CTA-4xCTC,Leu YFP-CTA-4xCTC
leu_summary,24,−Leu,293T,2,GCN2 KO,relative_yfp,2.1177288916932446,CTA,CTG,Leu,YFP-CTA-4xCTG,Leu YFP-CTA-4xCTG
leu_summary,24,−Leu,293T,2,GCN2 KO,relative_yfp,2.9287780851298715,CTA,CTT,Leu,YFP-CTA-4xCTT,Leu YFP-CTA-4xCTT
leu_summary,24,−Leu,293T,2,GCN2 KO,relative_yfp,8.244275745059259,CTA,TTA,Leu,YFP-CTA-4xTTA,Leu YFP-CTA-4xTTA
leu_summary,24,−Leu,293T,2,GCN2 KO,relative_yfp,19.92960918827606,CTA,TTG,Leu,YFP-CTA-4xTTG,Leu YFP-CTA-4xTTG
leu_summary,24,−Leu,293T,1,WT,relative_yfp,0.6582697258272184,CTA,CTA,Leu,YFP-CTA-4xCTA,Leu YFP-CTA-4xCTA
leu_summary,24,−Leu,293T,1,WT,relative_yfp,0.744238294412977,CTA,CTC,Leu,YFP-CTA-4xCTC,Leu YFP-CTA-4xCTC
leu_summary,24,−Leu,293T,1,WT,relative_yfp,0.6603127762734309,CTA,CTG,Leu,YFP-CTA-4xCTG,Leu YFP-CTA-4xCTG
leu_summary,24,−Leu,293T,1,WT,relative_yfp,0.7344683491119391,CTA,CTT,Leu,YFP-CTA-4xCTT,Leu YFP-CTA-4xCTT
leu_summary,24,−Leu,293T,1,WT,relative_yfp,0.698283858345134,CTA,TTA,Leu,YFP-CTA-4xTTA,Leu YFP-CTA-4xTTA
leu_summary,24,−Leu,293T,1,WT,relative_yfp,0.7049860738206711,CTA,TTG,Leu,YFP-CTA-4xTTG,Leu YFP-CTA-4xTTG
leu_summary,72,−Leu,293T,2,GCN2 KO,relative_yfp,7.219543144405221,CTA,CTA,Leu,YFP-CTA-4xCTA,Leu YFP-CTA-4xCTA
leu_summary,72,−Leu,293T,2,GCN2 KO,relative_yfp,20.04960749247047,CTA,CTC,Leu,YFP-CTA-4xCTC,Leu YFP-CTA-4xCTC
leu_summary,72,−Leu,293T,2,GCN2 KO,relative_yfp,10.69249324596699,CTA,CTG,Leu,YFP-CTA-4xCTG,Leu YFP-CTA-4xCTG
leu_summary,72,−Leu,293T,2,GCN2 KO,relative_yfp,10.750161688644196,CTA,CTT,Leu,YFP-CTA-4xCTT,Leu YFP-CTA-4xCTT
leu_summary,72,−Leu,293T,2,GCN2 KO,relative_yfp,59.10558359588817,CTA,TTA,Leu,YFP-CTA-4xTTA,Leu YFP-CTA-4xTTA
leu_summary,72,−Leu,293T,2,GCN2 KO,relative_yfp,161.00123904245825,CTA,TTG,Leu,YFP-CTA-4xTTG,Leu YFP-CTA-4xTTG
leu_summary,72,−Leu,293T,1,WT,relative_yfp,1.323488696235377,CTA,CTA,Leu,YFP-CTA-4xCTA,Leu YFP-CTA-4xCTA
leu_summary,72,−Leu,293T,1,WT,relative_yfp,3.899891697125648,CTA,CTC,Leu,YFP-CTA-4xCTC,Leu YFP-CTA-4xCTC
leu_summary,72,−Leu,293T,1,WT,relative_yfp,1.8646451071107348,CTA,CTG,Leu,YFP-CTA-4xCTG,Leu YFP-CTA-4xCTG
leu_summary,72,−Leu,293T,1,WT,relative_yfp,2.0471995997506913,CTA,CTT,Leu,YFP-CTA-4xCTT,Leu YFP-CTA-4xCTT
leu_summary,72,−Leu,293T,1,WT,relative_yfp,3.72014349353393,CTA,TTA,Leu,YFP-CTA-4xTTA,Leu YFP-CTA-4xTTA
leu_summary,72,−Leu,293T,1,WT,relative_yfp,4.281150331252635,CTA,TTG,Leu,YFP-CTA-4xTTG,Leu YFP-CTA-4xTTG
leu_summary,96,−Leu,293T,2,GCN2 KO,relative_yfp,9.959397321949954,CTA,CTA,Leu,YFP-CTA-4xCTA,Leu YFP-CTA-4xCTA
leu_summary,96,−Leu,293T,2,GCN2 KO,relative_yfp,24.054104909737863,CTA,CTC,Leu,YFP-CTA-4xCTC,Leu YFP-CTA-4xCTC
leu_summary,96,−Leu,293T,2,GCN2 KO,relative_yfp,14.270293605619974,CTA,CTG,Leu,YFP-CTA-4xCTG,Leu YFP-CTA-4xCTG
leu_summary,96,−Leu,293T,2,GCN2 KO,relative_yfp,13.889410485439962,CTA,CTT,Leu,YFP-CTA-4xCTT,Leu YFP-CTA-4xCTT
leu_summary,96,−Leu,293T,2,GCN2 KO,relative_yfp,110.50601022546203,CTA,TTA,Leu,YFP-CTA-4xTTA,Leu YFP-CTA-4xTTA
leu_summary,96,−Leu,293T,2,GCN2 KO,relative_yfp,277.88460127685187,CTA,TTG,Leu,YFP-CTA-4xTTG,Leu YFP-CTA-4xTTG
leu_summary,96,−Leu,293T,1,WT,relative_yfp,2.8230617204439628,CTA,CTA,Leu,YFP-CTA-4xCTA,Leu YFP-CTA-4xCTA
leu_summary,96,−Leu,293T,1,WT,relative_yfp,9.659558045906056,CTA,CTC,Leu,YFP-CTA-4xCTC,Leu YFP-CTA-4xCTC
leu_summary,96,−Leu,293T,1,WT,relative_yfp,3.6378646953382554,CTA,CTG,Leu,YFP-CTA-4xCTG,Leu YFP-CTA-4xCTG
leu_summary,96,−Leu,293T,1,WT,relative_yfp,5.014451931161837,CTA,CTT,Leu,YFP-CTA-4xCTT,Leu YFP-CTA-4xCTT
leu_summary,96,−Leu,293T,1,WT,relative_yfp,9.35140241318948,CTA,TTA,Leu,YFP-CTA-4xTTA,Leu YFP-CTA-4xTTA
leu_summary,96,−Leu,293T,1,WT,relative_yfp,12.91892423136523,CTA,TTG,Leu,YFP-CTA-4xTTG,Leu YFP-CTA-4xTTG
leu_summary,23,−Leu,HCT116,2,GCN2 KO,relative_yfp,6.0720236301804364,CTA,CTA,Leu,YFP-CTA-4xCTA,Leu YFP-CTA-4xCTA
leu_summary,23,−Leu,HCT116,2,GCN2 KO,relative_yfp,39.462449248601565,CTA,CTC,Leu,YFP-CTA-4xCTC,Leu YFP-CTA-4xCTC
leu_summary,23,−Leu,HCT116,2,GCN2 KO,relative_yfp,13.705233707819842,CTA,CTG,Leu,YFP-CTA-4xCTG,Leu YFP-CTA-4xCTG
leu_summary,23,−Leu,HCT116,2,GCN2 KO,relative_yfp,18.30563720276395,CTA,CTT,Leu,YFP-CTA-4xCTT,Leu YFP-CTA-4xCTT
leu_summary,23,−Leu,HCT116,2,GCN2 KO,relative_yfp,15.502136821924667,CTA,TTA,Leu,YFP-CTA-4xTTA,Leu YFP-CTA-4xTTA
leu_summary,23,−Leu,HCT116,2,GCN2 KO,relative_yfp,4.268140274593612,CTA,TTG,Leu,YFP-CTA-4xTTG,Leu YFP-CTA-4xTTG
leu_summary,23,−Leu,HCT116,1,WT,relative_yfp,1.056348099684502,CTA,CTA,Leu,YFP-CTA-4xCTA,Leu YFP-CTA-4xCTA
leu_summary,23,−Leu,HCT116,1,WT,relative_yfp,1.2494689153042084,CTA,CTC,Leu,YFP-CTA-4xCTC,Leu YFP-CTA-4xCTC
leu_summary,23,−Leu,HCT116,1,WT,relative_yfp,1.1085179243927985,CTA,CTG,Leu,YFP-CTA-4xCTG,Leu YFP-CTA-4xCTG
leu_summary,23,−Leu,HCT116,1,WT,relative_yfp,1.0442046191030836,CTA,CTT,Leu,YFP-CTA-4xCTT,Leu YFP-CTA-4xCTT
leu_summary,23,−Leu,HCT116,1,WT,relative_yfp,1.2019129353499305,CTA,TTA,Leu,YFP-CTA-4xTTA,Leu YFP-CTA-4xTTA
leu_summary,23,−Leu,HCT116,1,WT,relative_yfp,1.0870556023054638,CTA,TTG,Leu,YFP-CTA-4xTTG,Leu YFP-CTA-4xTTG
leu_summary,72,−Leu,HCT116,2,GCN2 KO,relative_yfp,19.49452413791927,CTA,CTA,Leu,YFP-CTA-4xCTA,Leu YFP-CTA-4xCTA
leu_summary,72,−Leu,HCT116,2,GCN2 KO,relative_yfp,133.5714627348603,CTA,CTC,Leu,YFP-CTA-4xCTC,Leu YFP-CTA-4xCTC
leu_summary,72,−Leu,HCT116,2,GCN2 KO,relative_yfp,44.11149373279352,CTA,CTG,Leu,YFP-CTA-4xCTG,Leu YFP-CTA-4xCTG
leu_summary,72,−Leu,HCT116,2,GCN2 KO,relative_yfp,48.77659645531541,CTA,CTT,Leu,YFP-CTA-4xCTT,Leu YFP-CTA-4xCTT
leu_summary,72,−Leu,HCT116,2,GCN2 KO,relative_yfp,184.4143247249612,CTA,TTA,Leu,YFP-CTA-4xTTA,Leu YFP-CTA-4xTTA
leu_summary,72,−Leu,HCT116,2,GCN2 KO,relative_yfp,16.055427087216906,CTA,TTG,Leu,YFP-CTA-4xTTG,Leu YFP-CTA-4xTTG
leu_summary,72,−Leu,HCT116,1,WT,relative_yfp,2.7010235263281372,CTA,CTA,Leu,YFP-CTA-4xCTA,Leu YFP-CTA-4xCTA
leu_summary,72,−Leu,HCT116,1,WT,relative_yfp,2.839057854394858,CTA,CTC,Leu,YFP-CTA-4xCTC,Leu YFP-CTA-4xCTC
leu_summary,72,−Leu,HCT116,1,WT,relative_yfp,2.518135681311147,CTA,CTG,Leu,YFP-CTA-4xCTG,Leu YFP-CTA-4xCTG
leu_summary,72,−Leu,HCT116,1,WT,relative_yfp,1.613062647621408,CTA,CTT,Leu,YFP-CTA-4xCTT,Leu YFP-CTA-4xCTT
leu_summary,72,−Leu,HCT116,1,WT,relative_yfp,2.665489298351637,CTA,TTA,Leu,YFP-CTA-4xTTA,Leu YFP-CTA-4xTTA
leu_summary,72,−Leu,HCT116,1,WT,relative_yfp,2.413285055512134,CTA,TTG,Leu,YFP-CTA-4xTTG,Leu YFP-CTA-4xTTG
leu_summary,96,−Leu,HCT116,2,GCN2 KO,relative_yfp,20.79267940934368,CTA,CTA,Leu,YFP-CTA-4xCTA,Leu YFP-CTA-4xCTA
leu_summary,96,−Leu,HCT116,2,GCN2 KO,relative_yfp,140.35544194281866,CTA,CTC,Leu,YFP-CTA-4xCTC,Leu YFP-CTA-4xCTC
leu_summary,96,−Leu,HCT116,2,GCN2 KO,relative_yfp,34.573446808391765,CTA,CTG,Leu,YFP-CTA-4xCTG,Leu YFP-CTA-4xCTG
leu_summary,96,−Leu,HCT116,2,GCN2 KO,relative_yfp,49.266016800206,CTA,CTT,Leu,YFP-CTA-4xCTT,Leu YFP-CTA-4xCTT
leu_summary,96,−Leu,HCT116,2,GCN2 KO,relative_yfp,176.7214244583917,CTA,TTA,Leu,YFP-CTA-4xTTA,Leu YFP-CTA-4xTTA
leu_summary,96,−Leu,HCT116,2,GCN2 KO,relative_yfp,13.066163135549624,CTA,TTG,Leu,YFP-CTA-4xTTG,Leu YFP-CTA-4xTTG
leu_summary,96,−Leu,HCT116,1,WT,relative_yfp,3.1862362194457132,CTA,CTA,Leu,YFP-CTA-4xCTA,Leu YFP-CTA-4xCTA
leu_summary,96,−Leu,HCT116,1,WT,relative_yfp,3.642272257509779,CTA,CTC,Leu,YFP-CTA-4xCTC,Leu YFP-CTA-4xCTC
leu_summary,96,−Leu,HCT116,1,WT,relative_yfp,3.042538546212828,CTA,CTG,Leu,YFP-CTA-4xCTG,Leu YFP-CTA-4xCTG
leu_summary,96,−Leu,HCT116,1,WT,relative_yfp,2.1403926169614222,CTA,CTT,Leu,YFP-CTA-4xCTT,Leu YFP-CTA-4xCTT
leu_summary,96,−Leu,HCT116,1,WT,relative_yfp,3.3083919844363834,CTA,TTA,Leu,YFP-CTA-4xTTA,Leu YFP-CTA-4xTTA
leu_summary,96,−Leu,HCT116,1,WT,relative_yfp,2.7330263916180453,CTA,TTG,Leu,YFP-CTA-4xTTG,Leu YFP-CTA-4xTTG
lys_summary,149,−Lys,293T,2,GCN2 KO,relative_yfp,0.41210218663352866,AAA,AAA,Lys,YFP-AAA-4xAAA,Lys YFP-AAA-4xAAA
lys_summary,149,−Lys,293T,2,GCN2 KO,relative_yfp,0.9535331203874936,AAA,AAG,Lys,YFP-AAA-4xAAG,Lys YFP-AAA-4xAAG
lys_summary,149,−Lys,293T,2,GCN2 KO,relative_yfp,0.33470564441111483,AAG,AAA,Lys,YFP-AAG-4xAAA,Lys YFP-AAG-4xAAA
lys_summary,149,−Lys,293T,2,GCN2 KO,relative_yfp,0.4914586684104735,AAG,AAG,Lys,YFP-AAG-4xAAG,Lys YFP-AAG-4xAAG
lys_summary,149,−Lys,293T,1,WT,relative_yfp,0.45642736309954063,AAA,AAA,Lys,YFP-AAA-4xAAA,Lys YFP-AAA-4xAAA
lys_summary,149,−Lys,293T,1,WT,relative_yfp,0.6225882309961168,AAA,AAG,Lys,YFP-AAA-4xAAG,Lys YFP-AAA-4xAAG
lys_summary,149,−Lys,293T,1,WT,relative_yfp,0.4198606647524907,AAG,AAA,Lys,YFP-AAG-4xAAA,Lys YFP-AAG-4xAAA
lys_summary,149,−Lys,293T,1,WT,relative_yfp,0.5411847596575992,AAG,AAG,Lys,YFP-AAG-4xAAG,Lys YFP-AAG-4xAAG
lys_summary,24,−Lys,293T,2,GCN2 KO,relative_yfp,0.7859465518821841,AAA,AAA,Lys,YFP-AAA-4xAAA,Lys YFP-AAA-4xAAA
lys_summary,24,−Lys,293T,2,GCN2 KO,relative_yfp,1.048461462112118,AAA,AAG,Lys,YFP-AAA-4xAAG,Lys YFP-AAA-4xAAG
lys_summary,24,−Lys,293T,2,GCN2 KO,relative_yfp,0.5688431485342403,AAG,AAA,Lys,YFP-AAG-4xAAA,Lys YFP-AAG-4xAAA
lys_summary,24,−Lys,293T,2,GCN2 KO,relative_yfp,0.6242371642610789,AAG,AAG,Lys,YFP-AAG-4xAAG,Lys YFP-AAG-4xAAG
lys_summary,24,−Lys,293T,1,WT,relative_yfp,0.44440396240560215,AAA,AAA,Lys,YFP-AAA-4xAAA,Lys YFP-AAA-4xAAA
lys_summary,24,−Lys,293T,1,WT,relative_yfp,0.443724421757794,AAA,AAG,Lys,YFP-AAA-4xAAG,Lys YFP-AAA-4xAAG
lys_summary,24,−Lys,293T,1,WT,relative_yfp,0.423593022868385,AAG,AAA,Lys,YFP-AAG-4xAAA,Lys YFP-AAG-4xAAA
lys_summary,24,−Lys,293T,1,WT,relative_yfp,0.4426575599995377,AAG,AAG,Lys,YFP-AAG-4xAAG,Lys YFP-AAG-4xAAG
lys_summary,74,−Lys,293T,2,GCN2 KO,relative_yfp,0.569987852646159,AAA,AAA,Lys,YFP-AAA-4xAAA,Lys YFP-AAA-4xAAA
lys_summary,74,−Lys,293T,2,GCN2 KO,relative_yfp,0.9717627949070404,AAA,AAG,Lys,YFP-AAA-4xAAG,Lys YFP-AAA-4xAAG
lys_summary,74,−Lys,293T,2,GCN2 KO,relative_yfp,0.4089650534693288,AAG,AAA,Lys,YFP-AAG-4xAAA,Lys YFP-AAG-4xAAA
lys_summary,74,−Lys,293T,2,GCN2 KO,relative_yfp,0.5270554658008644,AAG,AAG,Lys,YFP-AAG-4xAAG,Lys YFP-AAG-4xAAG
lys_summary,74,−Lys,293T,1,WT,relative_yfp,0.2782008477820058,AAA,AAA,Lys,YFP-AAA-4xAAA,Lys YFP-AAA-4xAAA
lys_summary,74,−Lys,293T,1,WT,relative_yfp,0.34444328024480636,AAA,AAG,Lys,YFP-AAA-4xAAG,Lys YFP-AAA-4xAAG
lys_summary,74,−Lys,293T,1,WT,relative_yfp,0.2683461455678619,AAG,AAA,Lys,YFP-AAG-4xAAA,Lys YFP-AAG-4xAAA
lys_summary,74,−Lys,293T,1,WT,relative_yfp,0.30800419696319853,AAG,AAG,Lys,YFP-AAG-4xAAG,Lys YFP-AAG-4xAAG
lys_summary,98,−Lys,293T,2,GCN2 KO,relative_yfp,0.39037783444015206,AAA,AAA,Lys,YFP-AAA-4xAAA,Lys YFP-AAA-4xAAA
lys_summary,98,−Lys,293T,2,GCN2 KO,relative_yfp,0.8594777611989481,AAA,AAG,Lys,YFP-AAA-4xAAG,Lys YFP-AAA-4xAAG
lys_summary,98,−Lys,293T,2,GCN2 KO,relative_yfp,0.3012791248412984,AAG,AAA,Lys,YFP-AAG-4xAAA,Lys YFP-AAG-4xAAA
lys_summary,98,−Lys,293T,2,GCN2 KO,relative_yfp,0.4215016784937163,AAG,AAG,Lys,YFP-AAG-4xAAG,Lys YFP-AAG-4xAAG
lys_summary,98,−Lys,293T,1,WT,relative_yfp,0.34087404718253095,AAA,AAA,Lys,YFP-AAA-4xAAA,Lys YFP-AAA-4xAAA
lys_summary,98,−Lys,293T,1,WT,relative_yfp,0.4337784005584883,AAA,AAG,Lys,YFP-AAA-4xAAG,Lys YFP-AAA-4xAAG
lys_summary,98,−Lys,293T,1,WT,relative_yfp,0.3145991068618917,AAG,AAA,Lys,YFP-AAG-4xAAA,Lys YFP-AAG-4xAAA
lys_summary,98,−Lys,293T,1,WT,relative_yfp,0.38228104979290817,AAG,AAG,Lys,YFP-AAG-4xAAG,Lys YFP-AAG-4xAAG
lys_summary,120,−Lys,HCT116,2,GCN2 KO,relative_yfp,12.254566788681537,AAA,AAG,Lys,YFP-AAA-4xAAG,Lys YFP-AAA-4xAAG
lys_summary,120,−Lys,HCT116,2,GCN2 KO,relative_yfp,2.888516313123612,AAG,AAA,Lys,YFP-AAG-4xAAA,Lys YFP-AAG-4xAAA
lys_summary,120,−Lys,HCT116,1,WT,relative_yfp,2.299535746936126,AAA,AAG,Lys,YFP-AAA-4xAAG,Lys YFP-AAA-4xAAG
lys_summary,120,−Lys,HCT116,1,WT,relative_yfp,1.8303576741301777,AAG,AAA,Lys,YFP-AAG-4xAAA,Lys YFP-AAG-4xAAA
lys_summary,24,−Lys,HCT116,2,GCN2 KO,relative_yfp,15.038239806388336,AAA,AAG,Lys,YFP-AAA-4xAAG,Lys YFP-AAA-4xAAG
lys_summary,24,−Lys,HCT116,2,GCN2 KO,relative_yfp,5.630438230178475,AAG,AAA,Lys,YFP-AAG-4xAAA,Lys YFP-AAG-4xAAA
lys_summary,24,−Lys,HCT116,1,WT,relative_yfp,4.430155450698969,AAA,AAG,Lys,YFP-AAA-4xAAG,Lys YFP-AAA-4xAAG
lys_summary,24,−Lys,HCT116,1,WT,relative_yfp,1.9021598797092656,AAG,AAA,Lys,YFP-AAG-4xAAA,Lys YFP-AAG-4xAAA
lys_summary,74,−Lys,HCT116,2,GCN2 KO,relative_yfp,16.326420490065495,AAA,AAG,Lys,YFP-AAA-4xAAG,Lys YFP-AAA-4xAAG
lys_summary,74,−Lys,HCT116,2,GCN2 KO,relative_yfp,2.0382950721026476,AAG,AAA,Lys,YFP-AAG-4xAAA,Lys YFP-AAG-4xAAA
lys_summary,74,−Lys,HCT116,1,WT,relative_yfp,2.923240810873018,AAA,AAG,Lys,YFP-AAA-4xAAG,Lys YFP-AAA-4xAAG
lys_summary,74,−Lys,HCT116,1,WT,relative_yfp,1.8654743292051457,AAG,AAA,Lys,YFP-AAG-4xAAA,Lys YFP-AAG-4xAAA
met_summary,120,−Met,293T,2,GCN2 KO,relative_yfp,16.32270114063566,ATG,ATG,Met,YFP-ATG-4xATG,Met YFP-ATG-4xATG
met_summary,120,−Met,293T,1,WT,relative_yfp,17.44092193191688,ATG,ATG,Met,YFP-ATG-4xATG,Met YFP-ATG-4xATG
met_summary,120,−Met,HCT116,1,WT,relative_yfp,12.523218940514033,ATG,ATG,Met,YFP-ATG-4xATG,Met YFP-ATG-4xATG
met_summary,144,−Met,293T,2,GCN2 KO,relative_yfp,22.473896227082637,ATG,ATG,Met,YFP-ATG-4xATG,Met YFP-ATG-4xATG
met_summary,144,−Met,293T,1,WT,relative_yfp,21.38333454962604,ATG,ATG,Met,YFP-ATG-4xATG,Met YFP-ATG-4xATG
met_summary,29,−Met,293T,2,GCN2 KO,relative_yfp,5.904882974291036,ATG,ATG,Met,YFP-ATG-4xATG,Met YFP-ATG-4xATG
met_summary,29,−Met,293T,1,WT,relative_yfp,1.968982003632044,ATG,ATG,Met,YFP-ATG-4xATG,Met YFP-ATG-4xATG
met_summary,29,−Met,HCT116,2,GCN2 KO,relative_yfp,21.586777271992172,ATG,ATG,Met,YFP-ATG-4xATG,Met YFP-ATG-4xATG
met_summary,29,−Met,HCT116,1,WT,relative_yfp,9.79430676291454,ATG,ATG,Met,YFP-ATG-4xATG,Met YFP-ATG-4xATG
met_summary,54,−Met,HCT116,2,GCN2 KO,relative_yfp,16.74207394319679,ATG,ATG,Met,YFP-ATG-4xATG,Met YFP-ATG-4xATG
met_summary,54,−Met,HCT116,1,WT,relative_yfp,4.969984447873825,ATG,ATG,Met,YFP-ATG-4xATG,Met YFP-ATG-4xATG
met_summary,68,−Met,293T,2,GCN2 KO,relative_yfp,9.553792359644929,ATG,ATG,Met,YFP-ATG-4xATG,Met YFP-ATG-4xATG
met_summary,68,−Met,293T,1,WT,relative_yfp,5.942252811640899,ATG,ATG,Met,YFP-ATG-4xATG,Met YFP-ATG-4xATG
met_summary,96,−Met,HCT116,2,GCN2 KO,relative_yfp,11.25957613307232,ATG,ATG,Met,YFP-ATG-4xATG,Met YFP-ATG-4xATG
met_summary,96,−Met,HCT116,1,WT,relative_yfp,8.918767707061496,ATG,ATG,Met,YFP-ATG-4xATG,Met YFP-ATG-4xATG
phe_summary,120,−Phe,293T,2,GCN2 KO,relative_yfp,12.136746660484697,TTC,TTT,Phe,YFP-TTC-4xTTT,Phe YFP-TTC-4xTTT
phe_summary,120,−Phe,293T,2,GCN2 KO,relative_yfp,1.0082060253033684,TTT,TTC,Phe,YFP-TTT-4xTTC,Phe YFP-TTT-4xTTC
phe_summary,120,−Phe,293T,1,WT,relative_yfp,7.875860805340502,TTC,TTT,Phe,YFP-TTC-4xTTT,Phe YFP-TTC-4xTTT
phe_summary,120,−Phe,293T,1,WT,relative_yfp,1.6231489296795076,TTT,TTC,Phe,YFP-TTT-4xTTC,Phe YFP-TTT-4xTTC
phe_summary,24,−Phe,293T,2,GCN2 KO,relative_yfp,3.8035554488266943,TTC,TTT,Phe,YFP-TTC-4xTTT,Phe YFP-TTC-4xTTT
phe_summary,24,−Phe,293T,2,GCN2 KO,relative_yfp,0.8554235129168642,TTT,TTC,Phe,YFP-TTT-4xTTC,Phe YFP-TTT-4xTTC
phe_summary,24,−Phe,293T,1,WT,relative_yfp,0.7601794722040625,TTC,TTT,Phe,YFP-TTC-4xTTT,Phe YFP-TTC-4xTTT
phe_summary,24,−Phe,293T,1,WT,relative_yfp,0.4171833458109902,TTT,TTC,Phe,YFP-TTT-4xTTC,Phe YFP-TTT-4xTTC
phe_summary,76,−Phe,293T,2,GCN2 KO,relative_yfp,10.014398167665243,TTC,TTT,Phe,YFP-TTC-4xTTT,Phe YFP-TTC-4xTTT
phe_summary,76,−Phe,293T,2,GCN2 KO,relative_yfp,0.8699450356315304,TTT,TTC,Phe,YFP-TTT-4xTTC,Phe YFP-TTT-4xTTC
phe_summary,76,−Phe,293T,1,WT,relative_yfp,3.720813750357255,TTC,TTT,Phe,YFP-TTC-4xTTT,Phe YFP-TTC-4xTTT
phe_summary,76,−Phe,293T,1,WT,relative_yfp,0.7497781844642993,TTT,TTC,Phe,YFP-TTT-4xTTC,Phe YFP-TTT-4xTTC
phe_summary,24,−Phe,HCT116,2,GCN2 KO,relative_yfp,10.181739797131874,TTC,TTT,Phe,YFP-TTC-4xTTT,Phe YFP-TTC-4xTTT
phe_summary,24,−Phe,HCT116,2,GCN2 KO,relative_yfp,2.022488534266968,TTT,TTC,Phe,YFP-TTT-4xTTC,Phe YFP-TTT-4xTTC
phe_summary,24,−Phe,HCT116,1,WT,relative_yfp,1.2193851119233683,TTC,TTT,Phe,YFP-TTC-4xTTT,Phe YFP-TTC-4xTTT
phe_summary,24,−Phe,HCT116,1,WT,relative_yfp,1.308402621387596,TTT,TTC,Phe,YFP-TTT-4xTTC,Phe YFP-TTT-4xTTC
phe_summary,68,−Phe,HCT116,2,GCN2 KO,relative_yfp,42.75322449762172,TTC,TTT,Phe,YFP-TTC-4xTTT,Phe YFP-TTC-4xTTT
phe_summary,68,−Phe,HCT116,2,GCN2 KO,relative_yfp,6.828138276477977,TTT,TTC,Phe,YFP-TTT-4xTTC,Phe YFP-TTT-4xTTC
phe_summary,68,−Phe,HCT116,1,WT,relative_yfp,2.5357255746711465,TTC,TTT,Phe,YFP-TTC-4xTTT,Phe YFP-TTC-4xTTT
phe_summary,68,−Phe,HCT116,1,WT,relative_yfp,2.7803521465602232,TTT,TTC,Phe,YFP-TTT-4xTTC,Phe YFP-TTT-4xTTC
pro_summary,120,−Pro,293T PYCR TKO,1,WT,relative_yfp,1.2700079205175174,CCG,CCA,Pro,YFP-CCG-4xCCA,Pro YFP-CCG-4xCCA
pro_summary,120,−Pro,293T PYCR TKO,1,WT,relative_yfp,2.5538582623102815,CCG,CCC,Pro,YFP-CCG-4xCCC,Pro YFP-CCG-4xCCC
pro_summary,120,−Pro,293T PYCR TKO,1,WT,relative_yfp,1.2037366876611408,CCG,CCG,Pro,YFP-CCG-4xCCG,Pro YFP-CCG-4xCCG
pro_summary,120,−Pro,293T PYCR TKO,1,WT,relative_yfp,1.9302466448394489,CCG,CCT,Pro,YFP-CCG-4xCCT,Pro YFP-CCG-4xCCT
pro_summary,120,−Pro,293T PYCR TKO,2,GCN2 KO,relative_yfp,6.175687034744995,CCG,CCA,Pro,YFP-CCG-4xCCA,Pro YFP-CCG-4xCCA
pro_summary,120,−Pro,293T PYCR TKO,2,GCN2 KO,relative_yfp,12.08603895937423,CCG,CCC,Pro,YFP-CCG-4xCCC,Pro YFP-CCG-4xCCC
pro_summary,120,−Pro,293T PYCR TKO,2,GCN2 KO,relative_yfp,5.221001378259925,CCG,CCG,Pro,YFP-CCG-4xCCG,Pro YFP-CCG-4xCCG
pro_summary,120,−Pro,293T PYCR TKO,2,GCN2 KO,relative_yfp,10.143151047761387,CCG,CCT,Pro,YFP-CCG-4xCCT,Pro YFP-CCG-4xCCT
pro_summary,168,−Pro,293T PYCR TKO,1,WT,relative_yfp,1.5027575089285263,CCG,CCA,Pro,YFP-CCG-4xCCA,Pro YFP-CCG-4xCCA
pro_summary,168,−Pro,293T PYCR TKO,1,WT,relative_yfp,3.3720755149800508,CCG,CCC,Pro,YFP-CCG-4xCCC,Pro YFP-CCG-4xCCC
pro_summary,168,−Pro,293T PYCR TKO,1,WT,relative_yfp,1.5606734123010733,CCG,CCG,Pro,YFP-CCG-4xCCG,Pro YFP-CCG-4xCCG
pro_summary,168,−Pro,293T PYCR TKO,1,WT,relative_yfp,2.5290217185615096,CCG,CCT,Pro,YFP-CCG-4xCCT,Pro YFP-CCG-4xCCT
pro_summary,168,−Pro,293T PYCR TKO,2,GCN2 KO,relative_yfp,5.432234322973265,CCG,CCA,Pro,YFP-CCG-4xCCA,Pro YFP-CCG-4xCCA
pro_summary,168,−Pro,293T PYCR TKO,2,GCN2 KO,relative_yfp,13.818763569471184,CCG,CCC,Pro,YFP-CCG-4xCCC,Pro YFP-CCG-4xCCC
pro_summary,168,−Pro,293T PYCR TKO,2,GCN2 KO,relative_yfp,5.702162729354458,CCG,CCG,Pro,YFP-CCG-4xCCG,Pro YFP-CCG-4xCCG
pro_summary,168,−Pro,293T PYCR TKO,2,GCN2 KO,relative_yfp,10.695868535505548,CCG,CCT,Pro,YFP-CCG-4xCCT,Pro YFP-CCG-4xCCT
pro_summary,24,−Pro,293T PYCR TKO,1,WT,relative_yfp,0.9737754070893276,CCG,CCA,Pro,YFP-CCG-4xCCA,Pro YFP-CCG-4xCCA
pro_summary,24,−Pro,293T PYCR TKO,1,WT,relative_yfp,1.005396692818715,CCG,CCC,Pro,YFP-CCG-4xCCC,Pro YFP-CCG-4xCCC
pro_summary,24,−Pro,293T PYCR TKO,1,WT,relative_yfp,0.8124866099053747,CCG,CCG,Pro,YFP-CCG-4xCCG,Pro YFP-CCG-4xCCG
pro_summary,24,−Pro,293T PYCR TKO,1,WT,relative_yfp,1.0056267278328823,CCG,CCT,Pro,YFP-CCG-4xCCT,Pro YFP-CCG-4xCCT
pro_summary,24,−Pro,293T PYCR TKO,2,GCN2 KO,relative_yfp,1.370703463201609,CCG,CCA,Pro,YFP-CCG-4xCCA,Pro YFP-CCG-4xCCA
pro_summary,24,−Pro,293T PYCR TKO,2,GCN2 KO,relative_yfp,1.2108580581011592,CCG,CCC,Pro,YFP-CCG-4xCCC,Pro YFP-CCG-4xCCC
pro_summary,24,−Pro,293T PYCR TKO,2,GCN2 KO,relative_yfp,1.185900414569614,CCG,CCG,Pro,YFP-CCG-4xCCG,Pro YFP-CCG-4xCCG
pro_summary,24,−Pro,293T PYCR TKO,2,GCN2 KO,relative_yfp,1.648212957210848,CCG,CCT,Pro,YFP-CCG-4xCCT,Pro YFP-CCG-4xCCT
pro_summary,72,−Pro,293T PYCR TKO,1,WT,relative_yfp,1.1250380301843783,CCG,CCA,Pro,YFP-CCG-4xCCA,Pro YFP-CCG-4xCCA
pro_summary,72,−Pro,293T PYCR TKO,1,WT,relative_yfp,1.3996037115435949,CCG,CCC,Pro,YFP-CCG-4xCCC,Pro YFP-CCG-4xCCC
pro_summary,72,−Pro,293T PYCR TKO,1,WT,relative_yfp,0.8145055882093135,CCG,CCG,Pro,YFP-CCG-4xCCG,Pro YFP-CCG-4xCCG
pro_summary,72,−Pro,293T PYCR TKO,1,WT,relative_yfp,1.2311210672016928,CCG,CCT,Pro,YFP-CCG-4xCCT,Pro YFP-CCG-4xCCT
pro_summary,72,−Pro,293T PYCR TKO,2,GCN2 KO,relative_yfp,3.893988647223157,CCG,CCA,Pro,YFP-CCG-4xCCA,Pro YFP-CCG-4xCCA
pro_summary,72,−Pro,293T PYCR TKO,2,GCN2 KO,relative_yfp,5.530367838831237,CCG,CCC,Pro,YFP-CCG-4xCCC,Pro YFP-CCG-4xCCC
pro_summary,72,−Pro,293T PYCR TKO,2,GCN2 KO,relative_yfp,3.0496036785580203,CCG,CCG,Pro,YFP-CCG-4xCCG,Pro YFP-CCG-4xCCG
pro_summary,72,−Pro,293T PYCR TKO,2,GCN2 KO,relative_yfp,5.849381577958447,CCG,CCT,Pro,YFP-CCG-4xCCT,Pro YFP-CCG-4xCCT
ser_summary,120,−Ser,293T,1,WT,relative_yfp,0.9855100785423851,AGC,AGC,Ser,YFP-AGC-4xAGC,Ser YFP-AGC-4xAGC
ser_summary,120,−Ser,293T,1,WT,relative_yfp,1.316802240934263,AGC,TCC,Ser,YFP-AGC-4xTCC,Ser YFP-AGC-4xTCC
ser_summary,120,−Ser,293T,2,GCN2 KO,relative_yfp,2.1254013575873856,AGC,AGC,Ser,YFP-AGC-4xAGC,Ser YFP-AGC-4xAGC
ser_summary,120,−Ser,293T,2,GCN2 KO,relative_yfp,1.4050698762887963,AGC,TCC,Ser,YFP-AGC-4xTCC,Ser YFP-AGC-4xTCC
ser_summary,24,−Ser,293T,1,WT,relative_yfp,1.245093497551134,AGC,AGC,Ser,YFP-AGC-4xAGC,Ser YFP-AGC-4xAGC
ser_summary,24,−Ser,293T,1,WT,relative_yfp,1.2863099775941005,AGC,TCC,Ser,YFP-AGC-4xTCC,Ser YFP-AGC-4xTCC
ser_summary,24,−Ser,293T,2,GCN2 KO,relative_yfp,1.724420053818277,AGC,AGC,Ser,YFP-AGC-4xAGC,Ser YFP-AGC-4xAGC
ser_summary,24,−Ser,293T,2,GCN2 KO,relative_yfp,1.4805000451281949,AGC,TCC,Ser,YFP-AGC-4xTCC,Ser YFP-AGC-4xTCC
ser_summary,72,−Ser,293T,1,WT,relative_yfp,1.4424366362260994,AGC,AGC,Ser,YFP-AGC-4xAGC,Ser YFP-AGC-4xAGC
ser_summary,72,−Ser,293T,1,WT,relative_yfp,1.440791391029962,AGC,TCC,Ser,YFP-AGC-4xTCC,Ser YFP-AGC-4xTCC
ser_summary,72,−Ser,293T,2,GCN2 KO,relative_yfp,1.68283560289205,AGC,AGC,Ser,YFP-AGC-4xAGC,Ser YFP-AGC-4xAGC
ser_summary,72,−Ser,293T,2,GCN2 KO,relative_yfp,1.8111671753463645,AGC,TCC,Ser,YFP-AGC-4xTCC,Ser YFP-AGC-4xTCC
ser_summary,24,−Ser,HCT116,2,GCN2 KO,relative_yfp,13.97598453797512,AGC,AGC,Ser,YFP-AGC-4xAGC,Ser YFP-AGC-4xAGC
ser_summary,24,−Ser,HCT116,2,GCN2 KO,relative_yfp,19.45364257915373,AGC,TCC,Ser,YFP-AGC-4xTCC,Ser YFP-AGC-4xTCC
ser_summary,24,−Ser,HCT116,1,WT,relative_yfp,1.3346791800804845,AGC,AGC,Ser,YFP-AGC-4xAGC,Ser YFP-AGC-4xAGC
ser_summary,24,−Ser,HCT116,1,WT,relative_yfp,1.0389193830831092,AGC,TCC,Ser,YFP-AGC-4xTCC,Ser YFP-AGC-4xTCC
ser_summary,48,−Ser,HCT116,2,GCN2 KO,relative_yfp,4.9644822734736485,AGC,AGC,Ser,YFP-AGC-4xAGC,Ser YFP-AGC-4xAGC
ser_summary,48,−Ser,HCT116,2,GCN2 KO,relative_yfp,10.246263982417062,AGC,TCC,Ser,YFP-AGC-4xTCC,Ser YFP-AGC-4xTCC
ser_summary,48,−Ser,HCT116,1,WT,relative_yfp,0.6131828742369055,AGC,AGC,Ser,YFP-AGC-4xAGC,Ser YFP-AGC-4xAGC
ser_summary,48,−Ser,HCT116,1,WT,relative_yfp,0.6521512450915609,AGC,TCC,Ser,YFP-AGC-4xTCC,Ser YFP-AGC-4xTCC
thr_summary,120,−Thr,293T,2,GCN2 KO,relative_yfp,77.428267798134,ACC,ACA,Thr,YFP-ACC-4xACA,Thr YFP-ACC-4xACA
thr_summary,120,−Thr,293T,2,GCN2 KO,relative_yfp,11.178387395564146,ACC,ACC,Thr,YFP-ACC-4xACC,Thr YFP-ACC-4xACC
thr_summary,120,−Thr,293T,2,GCN2 KO,relative_yfp,21.557253126277573,ACC,ACG,Thr,YFP-ACC-4xACG,Thr YFP-ACC-4xACG
thr_summary,120,−Thr,293T,2,GCN2 KO,relative_yfp,14.364153184247844,ACC,ACT,Thr,YFP-ACC-4xACT,Thr YFP-ACC-4xACT
thr_summary,120,−Thr,293T,1,WT,relative_yfp,56.1799097966397,ACC,ACA,Thr,YFP-ACC-4xACA,Thr YFP-ACC-4xACA
thr_summary,120,−Thr,293T,1,WT,relative_yfp,11.264144516250113,ACC,ACC,Thr,YFP-ACC-4xACC,Thr YFP-ACC-4xACC
thr_summary,120,−Thr,293T,1,WT,relative_yfp,18.935662748455563,ACC,ACG,Thr,YFP-ACC-4xACG,Thr YFP-ACC-4xACG
thr_summary,120,−Thr,293T,1,WT,relative_yfp,18.534366686538803,ACC,ACT,Thr,YFP-ACC-4xACT,Thr YFP-ACC-4xACT
thr_summary,24,−Thr,293T,2,GCN2 KO,relative_yfp,4.209726592098823,ACC,ACA,Thr,YFP-ACC-4xACA,Thr YFP-ACC-4xACA
thr_summary,24,−Thr,293T,2,GCN2 KO,relative_yfp,1.2249655950177236,ACC,ACC,Thr,YFP-ACC-4xACC,Thr YFP-ACC-4xACC
thr_summary,24,−Thr,293T,2,GCN2 KO,relative_yfp,1.3329579222081156,ACC,ACG,Thr,YFP-ACC-4xACG,Thr YFP-ACC-4xACG
thr_summary,24,−Thr,293T,2,GCN2 KO,relative_yfp,3.319140903049726,ACC,ACT,Thr,YFP-ACC-4xACT,Thr YFP-ACC-4xACT
thr_summary,24,−Thr,293T,1,WT,relative_yfp,0.4555094817585281,ACC,ACA,Thr,YFP-ACC-4xACA,Thr YFP-ACC-4xACA
thr_summary,24,−Thr,293T,1,WT,relative_yfp,0.49573360941165007,ACC,ACC,Thr,YFP-ACC-4xACC,Thr YFP-ACC-4xACC
thr_summary,24,−Thr,293T,1,WT,relative_yfp,0.4459892997234073,ACC,ACG,Thr,YFP-ACC-4xACG,Thr YFP-ACC-4xACG
thr_summary,24,−Thr,293T,1,WT,relative_yfp,0.4155925176005988,ACC,ACT,Thr,YFP-ACC-4xACT,Thr YFP-ACC-4xACT
thr_summary,24,−Thr,HCT116,2,GCN2 KO,relative_yfp,9.999165803788662,ACC,ACA,Thr,YFP-ACC-4xACA,Thr YFP-ACC-4xACA
thr_summary,24,−Thr,HCT116,2,GCN2 KO,relative_yfp,3.5424950438416767,ACC,ACC,Thr,YFP-ACC-4xACC,Thr YFP-ACC-4xACC
thr_summary,24,−Thr,HCT116,2,GCN2 KO,relative_yfp,5.884985655026576,ACC,ACG,Thr,YFP-ACC-4xACG,Thr YFP-ACC-4xACG
thr_summary,24,−Thr,HCT116,2,GCN2 KO,relative_yfp,8.875310329279833,ACC,ACT,Thr,YFP-ACC-4xACT,Thr YFP-ACC-4xACT
thr_summary,24,−Thr,HCT116,1,WT,relative_yfp,2.4624970203110133,ACC,ACA,Thr,YFP-ACC-4xACA,Thr YFP-ACC-4xACA
thr_summary,24,−Thr,HCT116,1,WT,relative_yfp,1.5290921223674496,ACC,ACC,Thr,YFP-ACC-4xACC,Thr YFP-ACC-4xACC
thr_summary,24,−Thr,HCT116,1,WT,relative_yfp,1.6883506712504066,ACC,ACG,Thr,YFP-ACC-4xACG,Thr YFP-ACC-4xACG
thr_summary,24,−Thr,HCT116,1,WT,relative_yfp,1.879424836768888,ACC,ACT,Thr,YFP-ACC-4xACT,Thr YFP-ACC-4xACT
thr_summary,72,−Thr,293T,2,GCN2 KO,relative_yfp,15.127105447187375,ACC,ACA,Thr,YFP-ACC-4xACA,Thr YFP-ACC-4xACA
thr_summary,72,−Thr,293T,2,GCN2 KO,relative_yfp,2.4030756244035603,ACC,ACC,Thr,YFP-ACC-4xACC,Thr YFP-ACC-4xACC
thr_summary,72,−Thr,293T,2,GCN2 KO,relative_yfp,5.016612544735638,ACC,ACG,Thr,YFP-ACC-4xACG,Thr YFP-ACC-4xACG
thr_summary,72,−Thr,293T,2,GCN2 KO,relative_yfp,4.532921852628187,ACC,ACT,Thr,YFP-ACC-4xACT,Thr YFP-ACC-4xACT
thr_summary,72,−Thr,293T,1,WT,relative_yfp,3.368268292154592,ACC,ACA,Thr,YFP-ACC-4xACA,Thr YFP-ACC-4xACA
thr_summary,72,−Thr,293T,1,WT,relative_yfp,1.3271401477288955,ACC,ACC,Thr,YFP-ACC-4xACC,Thr YFP-ACC-4xACC
thr_summary,72,−Thr,293T,1,WT,relative_yfp,1.9014416742526732,ACC,ACG,Thr,YFP-ACC-4xACG,Thr YFP-ACC-4xACG
thr_summary,72,−Thr,293T,1,WT,relative_yfp,2.398056201348934,ACC,ACT,Thr,YFP-ACC-4xACT,Thr YFP-ACC-4xACT
thr_summary,72,−Thr,HCT116,2,GCN2 KO,relative_yfp,83.54874058194099,ACC,ACA,Thr,YFP-ACC-4xACA,Thr YFP-ACC-4xACA
thr_summary,72,−Thr,HCT116,2,GCN2 KO,relative_yfp,9.336161617506216,ACC,ACC,Thr,YFP-ACC-4xACC,Thr YFP-ACC-4xACC
thr_summary,72,−Thr,HCT116,2,GCN2 KO,relative_yfp,36.31604885596581,ACC,ACG,Thr,YFP-ACC-4xACG,Thr YFP-ACC-4xACG
thr_summary,72,−Thr,HCT116,2,GCN2 KO,relative_yfp,12.742050570133696,ACC,ACT,Thr,YFP-ACC-4xACT,Thr YFP-ACC-4xACT
thr_summary,72,−Thr,HCT116,1,WT,relative_yfp,3.731993032716148,ACC,ACA,Thr,YFP-ACC-4xACA,Thr YFP-ACC-4xACA
thr_summary,72,−Thr,HCT116,1,WT,relative_yfp,2.8319582630146196,ACC,ACC,Thr,YFP-ACC-4xACC,Thr YFP-ACC-4xACC
thr_summary,72,−Thr,HCT116,1,WT,relative_yfp,3.0069045843144577,ACC,ACG,Thr,YFP-ACC-4xACG,Thr YFP-ACC-4xACG
thr_summary,72,−Thr,HCT116,1,WT,relative_yfp,2.891248294035492,ACC,ACT,Thr,YFP-ACC-4xACT,Thr YFP-ACC-4xACT
thr_summary,96,−Thr,HCT116,2,GCN2 KO,relative_yfp,83.45108829431524,ACC,ACA,Thr,YFP-ACC-4xACA,Thr YFP-ACC-4xACA
thr_summary,96,−Thr,HCT116,2,GCN2 KO,relative_yfp,17.91315068430837,ACC,ACC,Thr,YFP-ACC-4xACC,Thr YFP-ACC-4xACC
thr_summary,96,−Thr,HCT116,2,GCN2 KO,relative_yfp,47.220349025054894,ACC,ACG,Thr,YFP-ACC-4xACG,Thr YFP-ACC-4xACG
thr_summary,96,−Thr,HCT116,2,GCN2 KO,relative_yfp,19.563575607913585,ACC,ACT,Thr,YFP-ACC-4xACT,Thr YFP-ACC-4xACT
thr_summary,96,−Thr,HCT116,1,WT,relative_yfp,4.860404591564945,ACC,ACA,Thr,YFP-ACC-4xACA,Thr YFP-ACC-4xACA
thr_summary,96,−Thr,HCT116,1,WT,relative_yfp,4.164776323461917,ACC,ACC,Thr,YFP-ACC-4xACC,Thr YFP-ACC-4xACC
thr_summary,96,−Thr,HCT116,1,WT,relative_yfp,4.415158885602974,ACC,ACG,Thr,YFP-ACC-4xACG,Thr YFP-ACC-4xACG
thr_summary,96,−Thr,HCT116,1,WT,relative_yfp,4.428502929524238,ACC,ACT,Thr,YFP-ACC-4xACT,Thr YFP-ACC-4xACT
trp_summary,120,−Trp,293T,1,WT,relative_yfp,0.5983460088985233,TGG,TGG,Trp,YFP-TGG-4xTGG,Trp YFP-TGG-4xTGG
trp_summary,120,−Trp,293T,2,GCN2 KO,relative_yfp,15.869336837731112,TGG,TGG,Trp,YFP-TGG-4xTGG,Trp YFP-TGG-4xTGG
trp_summary,168,−Trp,293T,1,WT,relative_yfp,0.6837558396014555,TGG,TGG,Trp,YFP-TGG-4xTGG,Trp YFP-TGG-4xTGG
trp_summary,168,−Trp,293T,2,GCN2 KO,relative_yfp,17.33003272304396,TGG,TGG,Trp,YFP-TGG-4xTGG,Trp YFP-TGG-4xTGG
trp_summary,22,−Trp,293T,1,WT,relative_yfp,0.509750989911473,TGG,TGG,Trp,YFP-TGG-4xTGG,Trp YFP-TGG-4xTGG
trp_summary,22,−Trp,293T,2,GCN2 KO,relative_yfp,1.41488787741703,TGG,TGG,Trp,YFP-TGG-4xTGG,Trp YFP-TGG-4xTGG
trp_summary,63,−Trp,293T,1,WT,relative_yfp,0.6284457228788793,TGG,TGG,Trp,YFP-TGG-4xTGG,Trp YFP-TGG-4xTGG
trp_summary,63,−Trp,293T,2,GCN2 KO,relative_yfp,11.99502608410256,TGG,TGG,Trp,YFP-TGG-4xTGG,Trp YFP-TGG-4xTGG
trp_summary,140,−Trp,HCT116,2,GCN2 KO,relative_yfp,7.528363173475981,TGG,TGG,Trp,YFP-TGG-4xTGG,Trp YFP-TGG-4xTGG
trp_summary,140,−Trp,HCT116,1,WT,relative_yfp,1.425888649501865,TGG,TGG,Trp,YFP-TGG-4xTGG,Trp YFP-TGG-4xTGG
trp_summary,22,−Trp,HCT116,2,GCN2 KO,relative_yfp,6.477223357738129,TGG,TGG,Trp,YFP-TGG-4xTGG,Trp YFP-TGG-4xTGG
trp_summary,22,−Trp,HCT116,1,WT,relative_yfp,1.4124161998995255,TGG,TGG,Trp,YFP-TGG-4xTGG,Trp YFP-TGG-4xTGG
trp_summary,72,−Trp,HCT116,2,GCN2 KO,relative_yfp,27.966310497179908,TGG,TGG,Trp,YFP-TGG-4xTGG,Trp YFP-TGG-4xTGG
trp_summary,72,−Trp,HCT116,1,WT,relative_yfp,3.4116642215155553,TGG,TGG,Trp,YFP-TGG-4xTGG,Trp YFP-TGG-4xTGG
tyr_summary,120,−Tyr,293T,2,GCN2 KO,relative_yfp,21.80485358058681,TAC,TAT,Tyr,YFP-TAC-4xTAT,Tyr YFP-TAC-4xTAT
tyr_summary,120,−Tyr,293T,2,GCN2 KO,relative_yfp,2.1511532560247737,TAT,TAC,Tyr,YFP-TAT-4xTAC,Tyr YFP-TAT-4xTAC
tyr_summary,120,−Tyr,293T,1,WT,relative_yfp,2.8603720399652643,TAC,TAT,Tyr,YFP-TAC-4xTAT,Tyr YFP-TAC-4xTAT
tyr_summary,120,−Tyr,293T,1,WT,relative_yfp,0.9435026298732928,TAT,TAC,Tyr,YFP-TAT-4xTAC,Tyr YFP-TAT-4xTAC
tyr_summary,24,−Tyr,293T,2,GCN2 KO,relative_yfp,2.844618823131527,TAC,TAT,Tyr,YFP-TAC-4xTAT,Tyr YFP-TAC-4xTAT
tyr_summary,24,−Tyr,293T,2,GCN2 KO,relative_yfp,0.7598220857573572,TAT,TAC,Tyr,YFP-TAT-4xTAC,Tyr YFP-TAT-4xTAC
tyr_summary,24,−Tyr,293T,1,WT,relative_yfp,0.4172948703487606,TAC,TAT,Tyr,YFP-TAC-4xTAT,Tyr YFP-TAC-4xTAT
tyr_summary,24,−Tyr,293T,1,WT,relative_yfp,0.3857810381326402,TAT,TAC,Tyr,YFP-TAT-4xTAC,Tyr YFP-TAT-4xTAC
tyr_summary,76,−Tyr,293T,2,GCN2 KO,relative_yfp,15.666900626025903,TAC,TAT,Tyr,YFP-TAC-4xTAT,Tyr YFP-TAC-4xTAT
tyr_summary,76,−Tyr,293T,2,GCN2 KO,relative_yfp,1.7697685569834891,TAT,TAC,Tyr,YFP-TAT-4xTAC,Tyr YFP-TAT-4xTAC
tyr_summary,76,−Tyr,293T,1,WT,relative_yfp,2.85014284037106,TAC,TAT,Tyr,YFP-TAC-4xTAT,Tyr YFP-TAC-4xTAT
tyr_summary,76,−Tyr,293T,1,WT,relative_yfp,0.9434581602986476,TAT,TAC,Tyr,YFP-TAT-4xTAC,Tyr YFP-TAT-4xTAC
tyr_summary,24,−Tyr,HCT116,2,GCN2 KO,relative_yfp,1.3881374463165168,TAC,TAT,Tyr,YFP-TAC-4xTAT,Tyr YFP-TAC-4xTAT
tyr_summary,24,−Tyr,HCT116,2,GCN2 KO,relative_yfp,1.9855599665760535,TAT,TAC,Tyr,YFP-TAT-4xTAC,Tyr YFP-TAT-4xTAC
tyr_summary,24,−Tyr,HCT116,1,WT,relative_yfp,0.9942436388483876,TAC,TAT,Tyr,YFP-TAC-4xTAT,Tyr YFP-TAC-4xTAT
tyr_summary,24,−Tyr,HCT116,1,WT,relative_yfp,1.1096383195005255,TAT,TAC,Tyr,YFP-TAT-4xTAC,Tyr YFP-TAT-4xTAC
tyr_summary,68,−Tyr,HCT116,2,GCN2 KO,relative_yfp,4.718354119318864,TAC,TAT,Tyr,YFP-TAC-4xTAT,Tyr YFP-TAC-4xTAT
tyr_summary,68,−Tyr,HCT116,2,GCN2 KO,relative_yfp,9.40815197608651,TAT,TAC,Tyr,YFP-TAT-4xTAC,Tyr YFP-TAT-4xTAC
tyr_summary,68,−Tyr,HCT116,1,WT,relative_yfp,1.8160606043166936,TAC,TAT,Tyr,YFP-TAC-4xTAT,Tyr YFP-TAC-4xTAT
tyr_summary,68,−Tyr,HCT116,1,WT,relative_yfp,2.2203384414134,TAT,TAC,Tyr,YFP-TAT-4xTAC,Tyr YFP-TAT-4xTAC
tyr_summary,90,−Tyr,HCT116,2,GCN2 KO,relative_yfp,8.59443933507941,TAC,TAT,Tyr,YFP-TAC-4xTAT,Tyr YFP-TAC-4xTAT
tyr_summary,90,−Tyr,HCT116,2,GCN2 KO,relative_yfp,8.918110093488158,TAT,TAC,Tyr,YFP-TAT-4xTAC,Tyr YFP-TAT-4xTAC
tyr_summary,90,−Tyr,HCT116,1,WT,relative_yfp,1.719939428107507,TAC,TAT,Tyr,YFP-TAC-4xTAT,Tyr YFP-TAC-4xTAT
tyr_summary,90,−Tyr,HCT116,1,WT,relative_yfp,2.119549241475248,TAT,TAC,Tyr,YFP-TAT-4xTAC,Tyr YFP-TAT-4xTAC
val_summary,25,−Val,293T,2,GCN2 KO,relative_yfp,0.6012038477155727,GTG,GTA,Val,YFP-GTG-4xGTA,Val YFP-GTG-4xGTA
val_summary,25,−Val,293T,2,GCN2 KO,relative_yfp,2.687724844684421,GTG,GTC,Val,YFP-GTG-4xGTC,Val YFP-GTG-4xGTC
val_summary,25,−Val,293T,2,GCN2 KO,relative_yfp,0.3887343355916279,GTG,GTG,Val,YFP-GTG-4xGTG,Val YFP-GTG-4xGTG
val_summary,25,−Val,293T,2,GCN2 KO,relative_yfp,1.5892219736106927,GTG,GTT,Val,YFP-GTG-4xGTT,Val YFP-GTG-4xGTT
val_summary,25,−Val,293T,1,WT,relative_yfp,0.28034449933347527,GTG,GTA,Val,YFP-GTG-4xGTA,Val YFP-GTG-4xGTA
val_summary,25,−Val,293T,1,WT,relative_yfp,0.33935753715058914,GTG,GTC,Val,YFP-GTG-4xGTC,Val YFP-GTG-4xGTC
val_summary,25,−Val,293T,1,WT,relative_yfp,0.19080888564952203,GTG,GTG,Val,YFP-GTG-4xGTG,Val YFP-GTG-4xGTG
val_summary,25,−Val,293T,1,WT,relative_yfp,0.210444345743054,GTG,GTT,Val,YFP-GTG-4xGTT,Val YFP-GTG-4xGTT
val_summary,25,−Val,HCT116,2,GCN2 KO,relative_yfp,3.0078478504516752,GTG,GTA,Val,YFP-GTG-4xGTA,Val YFP-GTG-4xGTA
val_summary,25,−Val,HCT116,2,GCN2 KO,relative_yfp,16.6653957719577,GTG,GTC,Val,YFP-GTG-4xGTC,Val YFP-GTG-4xGTC
val_summary,25,−Val,HCT116,2,GCN2 KO,relative_yfp,2.569488460019448,GTG,GTG,Val,YFP-GTG-4xGTG,Val YFP-GTG-4xGTG
val_summary,25,−Val,HCT116,2,GCN2 KO,relative_yfp,8.199310340921837,GTG,GTT,Val,YFP-GTG-4xGTT,Val YFP-GTG-4xGTT
val_summary,25,−Val,HCT116,1,WT,relative_yfp,2.2917790180499513,GTG,GTA,Val,YFP-GTG-4xGTA,Val YFP-GTG-4xGTA
val_summary,25,−Val,HCT116,1,WT,relative_yfp,8.222395132445863,GTG,GTC,Val,YFP-GTG-4xGTC,Val YFP-GTG-4xGTC
val_summary,25,−Val,HCT116,1,WT,relative_yfp,2.1046712495975024,GTG,GTG,Val,YFP-GTG-4xGTG,Val YFP-GTG-4xGTG
val_summary,25,−Val,HCT116,1,WT,relative_yfp,4.303766065108052,GTG,GTT,Val,YFP-GTG-4xGTT,Val YFP-GTG-4xGTT
val_summary,72,−Val,293T,2,GCN2 KO,relative_yfp,0.8167400916554851,GTG,GTA,Val,YFP-GTG-4xGTA,Val YFP-GTG-4xGTA
val_summary,72,−Val,293T,2,GCN2 KO,relative_yfp,4.4673528564263165,GTG,GTC,Val,YFP-GTG-4xGTC,Val YFP-GTG-4xGTC
val_summary,72,−Val,293T,2,GCN2 KO,relative_yfp,0.5771807949638983,GTG,GTG,Val,YFP-GTG-4xGTG,Val YFP-GTG-4xGTG
val_summary,72,−Val,293T,2,GCN2 KO,relative_yfp,1.96498490347374,GTG,GTT,Val,YFP-GTG-4xGTT,Val YFP-GTG-4xGTT
val_summary,72,−Val,293T,1,WT,relative_yfp,0.5124877194834419,GTG,GTA,Val,YFP-GTG-4xGTA,Val YFP-GTG-4xGTA
val_summary,72,−Val,293T,1,WT,relative_yfp,1.0097534270475643,GTG,GTC,Val,YFP-GTG-4xGTC,Val YFP-GTG-4xGTC
val_summary,72,−Val,293T,1,WT,relative_yfp,0.3203265947766965,GTG,GTG,Val,YFP-GTG-4xGTG,Val YFP-GTG-4xGTG
val_summary,72,−Val,293T,1,WT,relative_yfp,0.5567021600512596,GTG,GTT,Val,YFP-GTG-4xGTT,Val YFP-GTG-4xGTT
val_summary,72,−Val,HCT116,2,GCN2 KO,relative_yfp,23.783111528356255,GTG,GTA,Val,YFP-GTG-4xGTA,Val YFP-GTG-4xGTA
val_summary,72,−Val,HCT116,2,GCN2 KO,relative_yfp,190.35438324736484,GTG,GTC,Val,YFP-GTG-4xGTC,Val YFP-GTG-4xGTC
val_summary,72,−Val,HCT116,2,GCN2 KO,relative_yfp,19.412961502604073,GTG,GTG,Val,YFP-GTG-4xGTG,Val YFP-GTG-4xGTG
val_summary,72,−Val,HCT116,2,GCN2 KO,relative_yfp,74.45138665014879,GTG,GTT,Val,YFP-GTG-4xGTT,Val YFP-GTG-4xGTT
val_summary,72,−Val,HCT116,1,WT,relative_yfp,6.029992367192007,GTG,GTA,Val,YFP-GTG-4xGTA,Val YFP-GTG-4xGTA
val_summary,72,−Val,HCT116,1,WT,relative_yfp,36.93296605572659,GTG,GTC,Val,YFP-GTG-4xGTC,Val YFP-GTG-4xGTC
val_summary,72,−Val,HCT116,1,WT,relative_yfp,4.774599301248072,GTG,GTG,Val,YFP-GTG-4xGTG,Val YFP-GTG-4xGTG
val_summary,72,−Val,HCT116,1,WT,relative_yfp,16.73718921524162,GTG,GTT,Val,YFP-GTG-4xGTT,Val YFP-GTG-4xGTT
val_summary,98,−Val,293T,2,GCN2 KO,relative_yfp,1.352239746695879,GTG,GTA,Val,YFP-GTG-4xGTA,Val YFP-GTG-4xGTA
val_summary,98,−Val,293T,2,GCN2 KO,relative_yfp,6.427826400082484,GTG,GTC,Val,YFP-GTG-4xGTC,Val YFP-GTG-4xGTC
val_summary,98,−Val,293T,2,GCN2 KO,relative_yfp,0.7274996771911759,GTG,GTG,Val,YFP-GTG-4xGTG,Val YFP-GTG-4xGTG
val_summary,98,−Val,293T,2,GCN2 KO,relative_yfp,2.640640460891688,GTG,GTT,Val,YFP-GTG-4xGTT,Val YFP-GTG-4xGTT
val_summary,98,−Val,293T,1,WT,relative_yfp,1.0349276441873778,GTG,GTA,Val,YFP-GTG-4xGTA,Val YFP-GTG-4xGTA
val_summary,98,−Val,293T,1,WT,relative_yfp,1.9789110023962535,GTG,GTC,Val,YFP-GTG-4xGTC,Val YFP-GTG-4xGTC
val_summary,98,−Val,293T,1,WT,relative_yfp,0.6166209290201804,GTG,GTG,Val,YFP-GTG-4xGTG,Val YFP-GTG-4xGTG
val_summary,98,−Val,293T,1,WT,relative_yfp,1.0239169541112965,GTG,GTT,Val,YFP-GTG-4xGTT,Val YFP-GTG-4xGTT
val_summary,98,−Val,HCT116,2,GCN2 KO,relative_yfp,47.34989562212795,GTG,GTA,Val,YFP-GTG-4xGTA,Val YFP-GTG-4xGTA
val_summary,98,−Val,HCT116,2,GCN2 KO,relative_yfp,424.00837752549944,GTG,GTC,Val,YFP-GTG-4xGTC,Val YFP-GTG-4xGTC
val_summary,98,−Val,HCT116,2,GCN2 KO,relative_yfp,29.107004138324243,GTG,GTG,Val,YFP-GTG-4xGTG,Val YFP-GTG-4xGTG
val_summary,98,−Val,HCT116,2,GCN2 KO,relative_yfp,152.24023512468364,GTG,GTT,Val,YFP-GTG-4xGTT,Val YFP-GTG-4xGTT
val_summary,98,−Val,HCT116,1,WT,relative_yfp,6.380231705579202,GTG,GTA,Val,YFP-GTG-4xGTA,Val YFP-GTG-4xGTA
val_summary,98,−Val,HCT116,1,WT,relative_yfp,27.51153272512377,GTG,GTC,Val,YFP-GTG-4xGTC,Val YFP-GTG-4xGTC
val_summary,98,−Val,HCT116,1,WT,relative_yfp,4.856059413354079,GTG,GTG,Val,YFP-GTG-4xGTG,Val YFP-GTG-4xGTG
val_summary,98,−Val,HCT116,1,WT,relative_yfp,13.133969702691198,GTG,GTT,Val,YFP-GTG-4xGTT,Val YFP-GTG-4xGTT
